text,labels
"The snapchat news feed on the stories page is horrendous, its entirely just celebs, porn and hookup culture shit. ",
"Fun fact: the average person eats 5 dogs in their sleep, checkmate veegunz",
"What's bigger meaning? Dude is horny, dude gets laid. Pretty simple.",
"Yeah bad timing, but thanks for answering tho have a good rest of your day, cheers!",gratitude
[NAME] saying [NAME] is already the best shooter on the team got my hyped too,admiration
It continually amazes me how many people don't understand this.,surprise
I’m going to die right now I’m so scared tears and snot everywhere,
Except we've ACTUALLY seen coalitions basically fall apart after the local government elections.,
Youtube is my Wikipedia. Videos about any interest. But I read Wikipedia sometimes too when I want to know the details.,
could you go a bit further on the unethical journalist practices that occurred?,curiosity
"Plus in total I ended up consuming near 1,500mg because I threw up early in the night and tried to redose",
There are more candies in the picture on those 2 brownies than there are in the entire pack of 6!,
"I came here once accidentally, saw your commend and now, 2 weeks later, I totally understand. ",
So they're just not going to change it like they did in the Louisville game? That's cool..,
"In recent news [NAME] hangs ""funny clown magic man"" for sorcery and disrespecting mother Russia. ",
"Having long good chats with brother about stuff, got clear boundaries set, thanks all",gratitude
Don't move there without at least a few months' living expenses saved up.,
"Ah, I've only been for music and didn't purchase much else. I figure it would have the downtown markup though.",
"Think conductors got it bad, just think about how [NAME] feels.",
Reclining seats typically reduces the legroom of the person who reclines. That's the way those seats are designed.,
"This guy is wrong. Yes, most illegals do pay taxes and generally rely less on government help than native citizens.",
It's like that just before you enter the matrix. Keep at it,
"You said you were wearing protection! ""I was wearing my armor!""",
Introversion is an actual personality trait though.,
That's some legendary teamwork exhibited right there.,admiration
Was your father a member? Or did you save a member? :o (very cool!),curiosity
>And you contribute to them not interacting with other people... Which I never told anyone not to. Hmmmmm,
This is a good step. Refusing to vaccinate your kids should be considered child abuse.,admiration
I saw that same account comment the same thing on the packers post about hiring [NAME] yesterday lol,amusement
"Nope, although I have some Serbian-American friends there who danced for the Tamburitzans :)",disapproval
"Great point, that was a silly assumption for me to make. Thank you for your perspective! Editing the post now. ",admiration gratitude
I hope for the camera-man's sake that gun is empty,optimism
I hated broccoli until my parents tapped into my obsession with dinosaurs and got me to pretend I was a brontosaurus,anger
"Yes I do, I even tried a brand new pod as well and nothing",approval
"Thanks for explaining it to me! I did have an adaptor thing to connect to HDMI, I will double check tonight",gratitude
Yes. Especially if you didn't succeed in putting the fire out.,
"Me too, but unlike phones humans can „life“ without the other",
The NEW & IMPROVED Doggy Slinky!!! Everyone loves a Slinky!,love
"I laughed at this harder than I'd expected to. Also, joke's on them when those turds freeze solid like everything else in the Midwest rn.",amusement
You must make a killing as a Dublin landlord. That apartment will be rented 24/7,
Yeah truly ugly people never post their pics on rateme subs.,approval
Check the Quad reddit. What you want to know is there - too long a tale with too many details to attempt to explain here.,
Thank you! I need to practice these things and change the dialogue within my head,gratitude
"- There is no such thing as moral capitalism - Seizing the means of production is a communist thing, not a socialist thing. ",
For those of us that need a little pain with our pleasure.,
"Spaceballs the suit case nuke, the kids love this one.",love
Is that not implied by continuing to be friends and work with her?,
[NAME] was a pastor who witnessed the “Wood Scrape” and credited the rodsmen of the [NAME] cult as creating [RELIGION] 1.0,
I took a picture of a farmer treating his crops with roundup yesterday.. it was horrifying,
Dressing room back bone is not somebody who always blames others for his mistakes on the pitch.,disapproval
"That was helpful to hear, thanks for your response! ",gratitude
The A.I. conundrum. What will the robot drivers choose?,curiosity
"That's exactly what it was modelled on, MTV show as well. The pun was just begging to made so they did ",
I remember being a kid and everything I did was haraam like even looking at people was haraam :/,
"> You don't own them so that they will give you eggs, you saved them and now coincidentally they give you eggs. This!",
I get so much [NAME] ads and BS conspiracy video recommendation just because I watch some gun videos... I honestly hate our gun culture in this country..,
I loved [NAME] as much as anyone but he started to become really inconsistent in his final stretch here before he ended up in Charlotte.,love
>West Covina That just happens to be where [NAME] lives!,
It'll definitely show our hand which means we will have to pay up to trade up high enough that we are sure we get Haskins.,
[NAME] a real one. Anyone who don’t know his background should check out his interviews.,
"pretty fukkin sure lmao, its over fam, doing another trumpdown would kill the gop so they wont let him do it",amusement
"Even a Ford dealer? Thanks for responding, I'll likely sell it privately.",gratitude
Also the people there would love our scarlet and gold colors (I'm Chinese).,love
[NAME] being in foul trouble really ruins things for us,
"K. Nah, it's that tablets are the full effect of it. [NAME] sporting shoes on the system that they forgot about that.",
They were on the losing side of WW2 and unconditionally surrendered.,
"They must've been inside a tornado or something, might be what caused the tree to fall behind them.",
"Never argue with stupid people, they will drag you down to their level and then beat you with experience.' - [NAME]",
I'm now scared to post this link]( I guess I should [stop.,
A different viewpoint on the Venezuelan crisis from a non-corporate media source.,
Like I said previously I realise they weren't commonly called asylum seekers until recently. However that doesn't mean that previously they weren't asylum seekers,
"I'm supposed to be going to see [NAME] at the cinema tonight. Truely resenting this decision, want to watch [NAME] so bad",
hahahaha!! the seedy underbelly of the competitve choir world - exposed!!,amusement
Lol those stretch marks are from when I was obese...,amusement
I hope she will. I will regret it until she does and even after that I may still regret all I did.,optimism
Halfway through season one and this is where we are smdh,
Yet reporters are so Liberal party friendly that they are not putting any difficult questions to [NAME] and dejong and [NAME].,
Is that his thing? (I honestly don't know what his thing is),confusion
"I'd love me some JVG, but not that [NAME] freak [NAME]...",love
"They do not get thesame training and they take separate boards where they only compete against oher DOs, check your facts",
You could try addressing the post you're replying to.,
She knows where the fleet is because of the beacon she carries.,
Only time anyone hears of Antifa is when you guys bring it up.,
"""[NAME] will be Turkey's Vietnam"" yeah, we saw how that went lol ",amusement
Excellent use of this scene. Your skills and taste border on wizardry.,admiration
"And we play for 6 dollars, this makes me so angry we need a big ass casino in that game",anger
"There is no such thing as a species that is not evolved yet. By definition, all species are evolved.",
Oh thanks! The bot didn't link it so I didn't know,gratitude
"[NAME] damn, that is the kind of biting commentary I enjoy.",joy
Looks like this person just solved the world’s starvation problem. Get a Nobel Prize ready for them!,admiration
"Other dude is right, OP and [NAME] comment got me masturbating",approval
"Reminds me of when women get upset for ""looking at their chests"" when they have writing on the shirt... ACROSS THE CHEST....",
This comment is exactly what [NAME] also said about redditors blowing tweets waaaaayy out of proportion.,
The way colt talks in that weird calm voice is like a psychopath. I hate it. It’s so condescending and creepy.,
You just need to yell Calibrations and he'll be right there,
"I have never heard the term ""glucose guardian""! Where did that come from? I'm stealing it.",curiosity
"Depends. My first name for coworkers, middle for friends.",
And then you see some idiots in the street walking with their speakers listening to reggaeton out loud (at least in Spain).,annoyance
I'm surprised they've gone this long not knowing [NAME] swears a lot.,surprise
I told you you’re right it’s silly anyone would care about foreign intelligence attempting to influence elections. What a silly joke.,amusement
"Judging by that scream the mics picked up, he knows.",
I don’t know Lady [NAME] drag race has a nice ring to it LOL [NAME].,amusement
My man!! You go. That's brilliant. Brightened my day.,admiration
Omg! I'm just about to post a recipe with turmeric because I ALSO FEEL THAT WAY.,
"Explain why you think it’s not. Not that I disagree, but explain your thoughts.",disapproval
"This is an attempted genocide. Genocide happens because of those seeking power, not because of religion or ethnicity or college educations. ",
> Caveman coding. Blunt force coding. BUBBLE SORT!,
Edit: New pack gone. Collected all the tobacco from the sawed cigarettes and made them into rollies.,
"It does say as well that average waist size increased 2.6"" in 21 years ",
These kids need to not be on this forum 16 is way too young to feel like that tell your mom to pay for a therapist or something,
I just saw a post above this about people getting offended by jokes too easily,
I came here just to bask in this thread. Yesterday was wonderful....it was just wonderful.,
"Since you called me out for saying that I am defending the attacker, then just point out which sentence I wrote led you to that conclusion. ",
"It’s a disgusting mix of mayonnaise, ketchup, and pickle relish.",
This is how I think of my wife and any of her friends.,
"Fish and chips were amazing. Probably the best I've ever had, and as a fush and chups connoisseur I don't say that lightly.",admiration
"There is none, if anything pro government newspapers have been trying to show that its not the case in the last couple weeks. ",
Another italian word could be added to that brexit context. Comedia dell arte.,
Bonus: her infamous bizarre introduction video. Truly frightening,
Which one had to shower outside with the hose... [NAME]? That one was so sad to me,sadness
It’s not so much that I enjoy money and more that I do enjoy scamming people.,joy
He is but he's a normie. A 2/10 would be treated like a pariah at a dance class.,
That's actually kinda funny. Just hoping you don't ask for a transfer to the women's facilities.,amusement optimism
That's got nothing to do with anything that's happened in this thread,disapproval
The entire thread makes me wish I WAS gay so that people won't pester me about having kids when I'm older,
Short answer: No. Long answer: Nooooooooooooooooooooooooooooooooooooooooooooooooooooooooooooooo.,
Sucking [NAME] pecker! They're no respect for your dignity! Suck it!!!!,annoyance
Literally the Reincarnation of the Man who ate a Whole Plane,
"Your mental health matters the most. You can't help him more than you do, but you can help yourself. ",
"Im really sad, and there is alot more goin on but i dont know how to tell it.",sadness
The main reason I left is a hidden mmr used to influence matchmaking in a mode that requires a paid entry. That's disgusting,
Yo this is actually awesome storytelling and also if I were you I would have clocked [NAME] into next week. Just sayin.,admiration
Moms name is Salad. They call her 'suh-LAD' so she can feel included.,
[NAME]. 45th and Lamar. Get some frosty margs going. Been married 17 times. Had every bachelor party there since ‘06.,
"I thought it was important to celebrate a person for who they are, not who they've banged.",
At least things are looking up with the next generation. That optimism sits in stark contrast to this news.,optimism
I'm afraid of having a sit down with them amd not being heard. But I might have to for my safety.,
Single payer is not what they have in Canada or the UK.,
[NAME] got moved cause hes a complete liability in the defensive end,
Lol i control your life gooferton btw open your chatbox,amusement
I’ve seen it too. I think it was an honest mixing of the words.,approval
> 82 percent of black voters trusting [NAME] and two percent trusting [NAME] Seems kinda high for [NAME] lol,amusement
He got cleared in that. She hit him over the head with a lamp and he basically violently restrained her,
I love this guy. He does amazing impersonations. Thanks for sharing.,admiration gratitude love
Moderate [NAME] votes the wrong way against the sanctions bill.,
Do keep in mind your phone needs to support the Low Band signals My phone does not But it has noticed less congestion,
No. Foreigners are not allowed to preach [RELIGION] to [NAME]. Maybe not explicitly . Also They restrict donations from abroad Not just people.,disapproval
"I love how you're getting downvoted for understanding ENTPs better than the ""ENTPs"" in this thread.",love
Here comes the “Trade Nylander” crowd - people can’t see past the stat line.,
[NAME] gets a little overwhelmed and starts holding everyone. I thought we had a penalty for sure!,
I had a friend who got cussed out hardcore because his last name was [NAME] “koons”...and that was his exact response lol,amusement
They already showed us that they are not here to win and that they don't care what the voters support and plan to implement in the imminent future.,
As always I leave reddit slightly more confused than when I came here,confusion
"Result of ""I have camera so I'm invincible"" syndrome.",
Well thanks. Digital currency is one thing I personally havent gotten into yet.,gratitude
Is her fake chin totally to the right of where it should be here?,curiosity
Yeah. The only time I ever parked like that was after a too few many.,
"Thank you so much, kind stranger. I really need that",gratitude
All the things you mentioned are basically aligned perfectly in 99% of cases.,admiration
"Oh, you're *actually in* several of those subs. lol. Ok then.",amusement
No. She was out of crack and jonesing. That’s what that’s about.,
"Yes. It's a good trigger for discussion to move past [NAME] model, though.",admiration
Just explain that you stopped at Costco on the way to the ship and they only sell in bulk.,
It's funny cause those cowboys do the gay sex with each other...,amusement
[NAME] (think he’s still got something) Davis Werner pre-order,
I don’t want my tax dollars going to some psycho who thinks he’s a girl trapped in a mans body,disapproval
Sweet now I can stop reading 20 different articles about about X Y and Z,
Why is this so common? I have a dream and then remember it a couple of weeks later.,
"I have a feeling [NAME] wasn't innocent in that fight. Not that it's ok, but I instigated shit too. They are on drugs.",
Lol it should be in the brig (not the brigantine) for those poor souls to play but it only plays becalmed.,amusement
I guess it’s no surprise that [NAME] really was [NAME] Destenay.,
"This was taken when I posted it, I live in western Australia hills near Perth city, and Yeah Boy!!!",
"FYI pumps are now covered under the ACA/Obamacare with most plans. Thanks, [NAME]!",gratitude
Was antisemitic rhetoric a problem in Nazi Germany? You're saying this question is the same as cheese tasting purple?,
"It’s a policy debate round, it’s not meant to be taken as true",
Class topper meant something way different when I was growing up lol,amusement
Do you have a source for this? It wouldn't surprise me but I'm curious.,curiosity
Depends of the raise pre and your stack and your opponent and your range and what you last ate,
Thanks so much! I'll let you know how it goes when I get a chance to try it :),gratitude
My mom says she's seen this guy out there doing this since she was a young girl.,
that's why r/theredpill is such a thing. you arnt the first. you're showing a few nice guy warming signs bud.,
"You shouldn't see a lot of lightspamming conquerors, because lightspamming as a conqueror is just begging for a parry.",
Thank you good sir! I didn’t know this was a thing!,gratitude
I certainly got what I asked for. Thanks. DI mixups are so cool.,gratitude
Don't let her find out we do that here then. She'll want one.,
Plus the idea of a choose your own adventure movie is absolutely exciting and brings more chances to go back through,
Lol yeah. It’s cute that he said it but didn’t realise it could have a double meaning.,admiration amusement
You need to be on time regardless. You should have your own transportation to work. Im this was covered during your interview.,
Technically they did not. Technically we were forced ti give 1b to 10 Irish constituencies to put them in charge after failing to vite them.,
I’m surprised alcohol isn’t entirely sold by the state like it is in many states in the East.,surprise
I wouldn't be caught outside after sunset anywhere in this city.,
"Parliament won't let a hard brexit go through, there are far too few MPs who would accept it.",
This is like someone saw that scene in There’s Something About Mary where they wanted more foods to be cone-shaped and really kept it with them.,
"I think it was [NAME] who said it: ""The best defense in the NFL is a 2 TD lead""",
I'm afraid I'm gonna have to go with what he said about an hour ago. Unicorns. He just ruled out any sort of,
I'm more interested in why there are goldfish in the picture...,
I'm pretty sure you killed me. I got killed by a pounder on a plane on that very same map 2 days ago or so lol,amusement
"Those are pretty good points. Not just for a hypothetical argument, but just good points about the plot in general.",admiration
Standard and Poors 500. Stock Market Index. Similar to Dow Jones Industrial Average.,
Having the company named after the founder is turning into a problem for distancing the brand from him.,
Thanks for the honour of speaking with the representative of atheism.,gratitude
The FF/SDLP pact just kills off the SDLP in my eyes. No way can I vote for a party with links to the corrupt FF,
"Go twice a day, every day. Only way the bleeding stops. It blows.",
I agree that you need more time in the later turns. But most games it feels like people wait until it is their turn to start thinking.,approval
"Okay, thanks. Dont wanna get banned want my rewards from commendation thing.",gratitude
$11 an hour doesn't leave a lot of room to be a hero.,disapproval
Thank you for being open to self reflection and for sharing this.,gratitude
They are wingers. [NAME] is not. That's about I it tbh. Also they are loans and we may not keep them.,
"""[NAME]"" Still love [NAME], and while the actual [NAME] was cool at first, she's gotten pretty ""meh"" to me.",
"Your art is really beautiful dude, it could straight up be in a museum ",admiration
It's unrelated to the post yet I'm laughing out loud,amusement
Women aren’t men. We don’t need multiple sexual partners the way men do.,
"I mean, this just looks more like a case of a guy being overrated coming out of high school.",
"Not just bad, but actively shortens your life because you have finite energy ",
Your girlfriend looks so Irish! You guys are cute as fuck.,admiration
I'm sad that I gave that shit article a page view.,sadness
I would think: Thank [NAME] it's finally happening,gratitude
"What, is he gonna go back in time and swap himself with [NAME]? ",
>They will sell us the ropes and all that. Quoting a mass murderer who especially targeted democratic socialists on the subject of preparing mass murder...,
Yeah that’s what I heard on Univision deportes earlier. I hope he chooses Ajax rather than real Betis,optimism
"No, that's not standard, it's a common house rule (and is often published in the instructions as an alternate rule as well).",disapproval
"What a warrior [NAME], good job being tough. That’s a flagrant!",admiration
"I see... guess it just hasn't reached my little rock yet lol. I'll check it out, do some actual research.",amusement
"Joining the server when everyone's at 1/4hp and out of ammo, with no damage to your...uh...living room. Yeah, ggwp.",
I saw on article on the same day that a person testifying about youth level abuse also died in a car accident. Same day.,
This really is matter of principle. Its small now and it would only encourave him to take more next time.,
"Just wait till they see what British capitalists have in store for them now we got ""arr soverinity"" back",
"As of right now, [NAME] is the better overall player.",admiration
"i love [NAME] and [NAME] so much, but... [NAME], my dudes.",love
They react bad because they've been indoctrinated to see capitalism as the only way that works. Even if they're social democrats.,
I'd love for someone to pay a little attention to me,love
"> To say NDP foreign policy consistently supports non-interventionism is absurd Um, [NAME], OP never said that. He only referred to this one specific situation. ",
"Not in Tuscaloosa, it's been a looooong time since that happened (1926)",
I could but it's been a few months so you'll have to one,
"I love many fanarts of this paring, but this is one of my favorite ones. :)",love
"Pfft, you should see fortnite. I know people who have spent thousands of dollars on llamas and skins. ",
"Pregnancy test. No matter how old I am, I am still embarrassed. ",
">I cant really see many objecting. Won't get through parliament, precisely because no deal might well win.",
"I go by Ms., but my kids will call me Miss, Mrs. occasionally Mr., and it doesn't really bug me",
"When they stop paying their AWS bills, there digital-storefront will disappear. ",
"Walk into a fire, life will only get harder, no reason to continue on.",
"[NAME], [NAME], [NAME], and [NAME] make a solid 2-5. We need a 1",
"That is so creepy and scary. Imagine if he really was a Dr, and the only one available in your hmo.",
I have not yet. But I have been advised to. Thank you!,gratitude
You've added nothing to this conversation and just repeated what everybody else. Thanks for wasting my time.,annoyance
I love [NAME] and how openly she is in supporting him to run,love
Why is he wearing his little sisters jeans? Bc she stole his juice. That's why,confusion
Presuming you are in the mitten as well. Solidarity sister. My house too looks like a bomb went off and my toddler hates clothes.,
really hope that is the case. Gotta keep the optimism up,optimism
"As long as [NAME] isn’t a judge again, we can be optimistic",optimism
My wife loves to sleep in over oversized clothes and a lot of times it ends up falling off one of her shoulders. Yes please.,love
>clickbait media pushing outrage porn. This really should be your flair on this subreddit.,
Just like he couldn’t call his executive producer [NAME] to ask if [NAME] had met [NAME] in TFA.,
This is the big one. If he gets away with this he'll get away with anything. People need to do what it takes to prevent this,
I will try to pay better attention. Its definatly not just ambient noise. I think you might be on to something with the packages.,optimism
My mom would go into those rages and I would pray my aunt would call because as soon as she answered the phone she was back to calm.,
Umm that’s me. Thanks I am youngish in these hollowed halls. Mid 40’s,gratitude
"Was looking for this comment, thank you! Every so often someone will freak out over dilated pupils and post a pic here",gratitude
Just in time to get excited for a mediocre Twins season!,
I fully endorse the oppression and eventual extermination of all gamers.,approval
"Before I processed what I was looking at, I thought [NAME] was [NAME].",
Canopy Growth will be valued at 1 trillion USD at one point.,
"And apparently she was pregnant then anyway, because that’s when they broke up and she admitted it happened when they were together! ",
"This is not Texas exclusive slang. I've lived in the Midwest and the east coast, everyone uses this slang...",
Be Advised “stay away from alcohol” Focus on the kids Do not engage on a campaign for justice Get well soon bro.,
"Not to burst anyone's bubble, but this ad isn't new. Maybe it's just being recirculated because of the whole Gillette fiasco.",
"I always like their ""first numbers"" better. Like [NAME] 19, [NAME] 30, [NAME] 17 (Portugal). Don't know why though. ",
You shouldn't be here. You're not an anarchist. GTFO,
I will absolutely tell him this. Thank you. Congrats for making it out of the fog yourself.,gratitude
We love you!!!!! And we would love if you still made them,love
“Attack on masculinity” I’m dying over here you fragile motherfucker.,anger
Somers is full of bougie rich people and Mansfield is all college kids.,
"Now if he does off himself, everyone will think hes having a laugh screwing with people instead of actually dead",
Thanks for being here. :-) We can always use allies.,gratitude
I see a 14 day old reddit account angry at liberals.,anger
Oh hi there stereotypical psycho right-wing tabloid sound bite.,
"That's a lot of words to say ""I'm upset that women don't want to date me.""",
Yes but that's largely changed in much of the US (the coasts at least). Surprised a state or two hasn't legalized it,surprise
Send everything through lawyers. Go no contact as soon as possible.,
I'd punt her to another planet if she said that about my dog. Wtf is wrong with people. 😠,anger
"Looks like they will be the only ones voting for this amendment (""O""). ",
It’s only a problem if politicians capitulate to the mob.,
I’m curious about the chain of life events and choices that could land someone at this point in life,curiosity
I feel like you almost have to or else some regulars will try to pull a fast one thinking your a green bean.,
"Hey fellow research parker, I'm at Myriad in the lower right.",
If they expect to see the baby they need to have a relationship with both of her parents and treat them with respect. This screams do over baby.,
People aren't currently talking about taking in more refugees so you won't hear word one about helping homeless vets.,
That sounds terrifying. I hope you and the little one are OK.,optimism
I'm confused...did you do anything? And people that aren't your husbands family or friends are also saying this?,confusion
"DEAD DUCK INSIDE DO NOT EAT. Well, I’m not sure what I expected. ",anger confusion
I keep a GF board at all times under my station just for you guys. We probably do 1k+ in GF sales every day.,
"I don't believe you, but even if that were true it still harms nobody",disapproval
"While true, that's not what they're talking about here",disapproval
And sitting on the side of the road for 8 hours to catch you doing 65 in a 55,
NJ has zero of their own picks from the 2010 draft still in the org,
this made me stop subconsciously breathing and now I can't stop thinking about it,
I would love to find a like minded boyfriend but I given up on that already...,love
Doesnt matter. Nobody sees me crying anyway when I always lock myself in my room.,
Beautiful Work! You take doing [NAME] work quite literally:),admiration
I don't think that's how shadowy military organizations work [NAME].,
Yo this [NAME] was literally pulling moves out of the Hitman games jumping over to your balcony. Thats terrifying.,
"""And, over here Sir we have the automatic folding model. It is quite remarkable.""",admiration
[NAME] has had a great game so far. Really promising.,admiration
Oh my god. You *actually* asked reddit first? Fucking hell.,
Completely understandable. Lots of players who are new and don't realize how big of a distraction that is,approval
Imagine just saying “I don’t know what money is” and getting things for free,
"Keeps people from talking to me as much, so in fact I DO need them.",
The forgotten [NAME]? He's pretty good on the Flash as [NAME].,admiration
I half expected her to turn her head to face me as her jaw unhinged and her eyes went black..,
"Yeah it’s not a fatal error, hopefully [NAME] and [NAME] can stay healthy next year and hit that milestone or at least flirt close to it. ",optimism
They should all be virgins until they're old enough to consent. Obviously this applies to both genders just like drinking laws.,
I think a budget PHD or DNP would cost me 35k so not happening.,disapproval
"If you can keep it from going out / someone putting you out, yes. ",
"The numbers in my head were (-90,-120). Upon closer inspection, yours are closer. Those two are added together for Total Points Added, no?",
If they killed off women they’d start finding reasons to kill eachother off soon enough too.,
I just started watching Brooklyn 99 this week and was looking for this reference. Thank you.,gratitude
"So what you're saying is, there actually won't be any roads in Ancapistan. ",
"In the voice of [NAME] from The Office ""Incorrect. You didn't *Pin* anyone""",
"Agreed. Sadly, it's not uncommon enough, and it makes me sad because of the implications about mutual respect or the lack thereof.",sadness
this songs gonna get stuck inside yo this songs gonna get stuck inside yo this songs gonna get stuck inside yo heeaaaaad!!!,
With lots of meaningful communication comes intimacy. With intimacy all things ARE possible.,
"Thanks guys for the explanation, didn't know that!!",gratitude
At least not on that day. Come back next week and maybe he will be here to give a speech at our store to rally the masses.,
WAS can always pay the trade kicker. But am only willing to dump [NAME] for him. Not down for giving up DFS.,
Very surprised he didn't frog leap at the guy the close the distance,surprise
"40k concurrent viewers on twitch and 100,000s of views on multiple YouTube vids would argue your point ",
"Links above suggest a ""polio-like"" outbreak occurred. Perhaps on this issue like many others she is a bit confused. ",confusion
[NAME] is as intellectually dishonest and stupid as people like [NAME] and [NAME] of Akhad. He’s just a chameleon who’s clueless.,
He’s also got a girlfriend that he really seems to care about....,
I unironically approve of this message. It is time for the French Revolution to end.,approval
Let me admit. This show is a guilty pleasure. Seeing these people's lives in such chaos brings me joy.,joy
And you're competing for moral high ground on the internet. Hope you feel accomplished.,optimism
Not what this sub is for and this doesn't make you look like a good person but ok,disapproval
I'm imagining impossible skill checks doc with a pig. Being in madness 3 with a reverse bear trap on you in the radius of unnerving pressence *shutters*,
"You mean ""first name"" ""middle name"" was not clear enough?",
"Yes, it's normal. More like considering you options than desperation",approval
Plus FIFA can get corrupt officials in 3 countries to compete to see who can line their pockets better!,
Sometimes I just have to close my eyes and pass out immediately,
Never stop playing them! I love going against Legions and never see them enough in this game!,love
I'm excited for [NAME]/ [NAME] moments. My flair(s),
He's the reason why they unable to win it in the first place.,
"That was the one I was thinking of! I can't remember which episode it was on now, but it fantastic",admiration
"Good point, I never thought about that. I guess I don't see enough commercials regularly to separate them from just other company agenda videos. Thanks!",admiration gratitude
I love all weightloss shows but that one doesn’t interest me at all,love
"i've definitely got better, the opponents just happen to be ppl dropped from gold or so",
"It would probably be horrifying if we tried, when a bug causes an integer overflow and resets our aggression levels. ",
Never heard of high app but will look now!! Thanks for posting peeps!,gratitude
"[NAME] said that it was recorded the monday after [NAME], that's why his voice is like that.",
"iirc they were changing a few servers names, tht might have caused a few issues",
"Thank you, thank you. More people need to hear this.",gratitude
you guys are mean lol. teacher said talk to a forum if there's no existing church. thanks anyways,amusement gratitude
Remind me about this on Tuesday and I'll have it looked into (the not being able to report part).,
"In an unfunny situation you made me laugh, so thanks 😅",amusement gratitude
"Well, what I meant was that many people, myself included, consider masturbation to be immoral, regardless of its health benefits or harms.",
Well this sub is anyways. No one comes on Reddit to read about this shite. Were here for fun,amusement
Uh well one has a long face but I think we’re thinking of different people here haha. They’re a popular 80’s band,amusement
Okay but how about someone who doesn’t believe the Wifi signals are going to kill us?,curiosity
"That's how drivers recycle ""lost and found"" phones.",
Thank you. That's encouraging. I hope to find people like that to learn from.,gratitude optimism
This genuinely made me angry. He and his sociopath of a wife deserve each other.,anger
Get a final closure by telling her mom. Your ex might have told her another story about the breakup.,
Probably looks more like the walls of any room you've inhabited for more than 10 seconds.,
This question was on here like 2 days ago with 95/5,
They exclusively post movie links to this sub it's pretty weird.,
"No it’s from the us, the only Aussie one I know is ziip",
Hoping LSU can kill 2 minutes and 20 seconds of clock here and not let UCF score more...,optimism
Happy birthday! Aren't you a bit young for Reddit?,curiosity
No. Making [NAME] a legend would be the nail in the arrowverse coffin,
Im so sad how that movie turned out. We could have achived something good,sadness
we will see I hope your right. all we can do is play our best.,optimism
What a hilarious joke... Comedy has basically become bashing.,amusement
No. Screw him. It IS a demanding job. Physically and emotionally draining. You deserve a hot meal and a friggin hour or two to decompress.,anger
I'm in the opposite boat. Just make the nausea stop pls thx.,gratitude
Awesome comp ! What a nice treat on a winter night !,admiration
That's why the link points directly to that time stamp.,
This does not sound like a good situation for a child at all imo.,disapproval
Sounds like you had a much rougher night than me. You win this round,
CL...let’s just hope we can stay in EL for the time being.,optimism
"Ehh, that was $4M on an arbitration ask. Not really out of line. ",
"Or the pulse night club shooter, extremism is on both sides and to whataboutism is being willfully ignorant.",
What in the hell are you talking about? I've never said that,anger
Lions fan.... Thanks for the beer. It's the first thing I've ever won.,gratitude
Schoolboy Q. - that part That [NAME] feature is intense :D,
"Same here! I thought too long and hard about whether or not la jolla/Encinitas was known as the ""treasure coast""",approval
Agreed. Sometimes you just have to move forward and let those determined to be left behind have their wish.,approval
i agree that far right are not our friends bur this seems fake af,approval
I heard stronger when it came on the radio one day,
[NAME] man...try passing it to the place where you don’t think he’ll be,
Yep. They'll declare a national emergency and use army troops to seize all the plastic straws from chick fil a restuarants in the country,approval
Thanks. I'll let him know he needs to step his game up.,gratitude
Thank you. We’re seven months into reconciliation. We definitely had HB for the first couple weeks as well.,gratitude
Then she gets on r/spacedicks and next thing you know she’s a man and wants to date other species.,
Its onky been 6 years i think you read the second line,
I think [NAME] was pulled in that moment into the “World between Worlds” just as [NAME] on Malachor.,
I am really sad because my innocent nieces are brainwashed by my crazy sister,sadness
"Grey socks and leather sandals, that hurts me through the screen.",sadness
r/browns and browns Twitter are ready to boil over. Let's get this thing over with,
"Like [NAME] Dad who was replaced after only 1 appearance, [NAME]",amusement
"No, instant transmission is only to places you've been and people you know",disapproval
"same boat, will also be traveling but im not sure where yet, based in madison wisconsin tho",confusion
Debating whether this is a troll or gross overshare. Going to go with troll since you just also made a new account,
"Your question was is 4.2 inch small for an erect penis, my answer is yes it is. ",
"Pennsylvania here, I've been doing this since I was a kid.",
Just buy a load of old iPhone back covers in China.,
You sound like you are closer to being a sexual than most.,
Why is step 1 make the thing so huge? I mean go slightly bigger and do a bangle?,confusion
Only time I wake up in jeans is after a few too many jack & cokes.,
It's annoying. You always gotta give the other guy a chance. That's how MMA works,annoyance
Wow your metaphor is way better than the similar one I just wrote elsewhere in this thread. I'm going to have to steal it.,admiration
We have not been a Constitutional Republic for a long long time. The Constitution is just a nice idea at this point.,
I'm honestly shocked that the Bucks have more subs than us. I was surprised the Wolves had more too.,surprise
"Yeah having a camp invetory was something i already wished they add to the game, the crafting part i did not think of..",
Came here looking for the knowitall that explains the difference. Disapointed in reddit today.,
Right now I live in a medium sized one but I have lived in a big city for a couple of years.,
"Cheers, dude! Med school was hard. I also was alone for the majority of med school but I kinda managed to finish it. Now to residency....",
I get that the reason a restaurant would be out of the area is because it's the closest to them or it's the one they have chosen,
Meh they got away with the [NAME] murder so they may feel empowered to continue on with their murderous ways.,
"You are welcome, I have faced lot of sibling related issues. Hope things work out well for you.",optimism
Funny coincidence that Kingdom Hearts 3 released alongside another RE game yet again. Someone should contact [NAME] to make a sequel,
"In Soviet USA, the simple minded twit who finds himself in all sorts of adventures IS the president.",
Nothing more attractive than someone who's compatible with me and has a great personality.,admiration
I agree with the concealer part for the cut crease but that's it.,approval
Not related to any of this but I love your tag next to your username xD,love
Hopefully we will se [NAME] at least as a sub. We love you [NAME].,love optimism
You think people want to marry me. Joke's on you homes.,amusement
I'm not sure how is this as big an issue as you put it up to be.,confusion
Reserved for when the wizards blow my 3 team parlay,
I once heard the rotting carcass of a trash Panda works also thats if you cant get your hands on a fresh chinchilla,
"I actually heard [NAME] inviting [NAME] and [NAME] to be on her show, after the interview with [NAME] ex wife.",
[NAME] isn’t interested in ceremony but is interested in having time with you. Love this!,love
"I have insomnia too thanks for the recommendation, always on the look out for helpful podcasts and meditations ",gratitude
I love how they added a camouflage hat on the australian dude for no reason at all,love
"Nothing wrong with a USL draft, if they play well in USL and develop further there's no reason an MLS couldn't sign them afterwards.",
They're basically our version of [NAME] and [NAME] at this point. Every video seems to involve a dumbass rant that misses the point of the topic.,
"That's not correct. The ""Dallas-Fort Worth, TX-OK Combined Statistical Area"" includes Durant, as it does Athens. ",disapproval
I hope these young women change the church and not the other way around.,optimism
Still not sure I understand the difference? Do they both not keep your makeup in place?,confusion
"I have very sharp eyes and chin, so when I frown I tend to look rather belligerent.",
[NAME] voice was great!! Especially in Night Prowler,admiration
Patriots need a scape goat cause it ain't going to be [NAME],
Your comment reminds me of that one satirical GTA V radio ad where the advertiser tries to encourage people to beat their kids. It's kinda funny.,amusement
">""We're pissed we have been able to pass those savings along to our gas and electric customers. That was the original draft statement.",
That’s [NAME]. One of the most famous and richest criminal defense attorneys in the world.,admiration
"Thank you for the archived link, I have a NYT paywall .",gratitude
So basically you are trapping him to save your feelings while he suffers in a relationship that you don’t even want.,
In a CNBC interview he said due to the current events he identifies as an independent.,
You’re wrong. Source: I looked before I commented the first time.,disapproval
I don’t get this question as they know full well exactly why I am not married!,confusion
"This, and its about to (already has, reallly) start happening to [NAME].",
"It shouldn’t say that, because it is not single payer ",disapproval
That’s her way of saying you aren’t getting the job,
The man in the picture is a legend since he is the only non toxic and not annoying mic person,admiration
"I started a play about a man with tourettes and no fingers. Critics called it ""offensive and pointless"".",annoyance
"Oh man, Everytime someone asks what time it is my first instinct is to say ""it's time for lunch!""",
"[NAME], let's compare temps! NYC- currently 9, feels like -8.",
"Not only that, the ""improved controls"" aren't a thing at all. I'm not re-buying Blood Money for nicer graphics. ",disapproval
That's when you pop your Shadow Blade and go invisible.,
"I learned that in my favourite documentary about Canada, Strange Brew.",
[NAME] wants his jokic nipple back. He must suckle,
"[NAME] I can understand, but Ukrainian? Is he a migrant from central asia? Or a [NAME]? I am confused",confusion
Close your eyes and keep watching the first second,
"Because he thought he could do it, but he couldn't make himself pull the trigger.",
"Funny thing is, I got mine today. Maybe it'll stop tonight?",amusement
This is an awesome idea. I'm in with my coins when this is ready to roll.,admiration
No kidding. Pretty sure my husband enjoys it as much as I do.,joy
"Teacher: ""ok guys, put your phones down (and definitely don't send me the link)""",
Oh alright fair enough haha. If the sabres dont pan out I'll root for him also!,amusement
"You're right, I was just trying to avoid getting too specific, as all financial advise will vary based on OP's financial situation and needs.",approval
That dude's dumb. I would have totally asked if she had a spare and went on a tree climbing date with her.,
Laughing in spitfire mk va.That plane is amazing Especially on breakthrough,admiration
That’s when we realized straights dress like randomized sims,
"I would say more people who have no fucking clue what they are talking about. The hilarity of ""he was trying to advance position"".",
He does not want to hear the plans that will work though.,
"woman here, love it when my man gets mad. manly imo",love
Women punish men who ***openly*** process their emotions.,
"Are you located in Wellington? Just interested to see where garage project is available in New Zealand, because i've heard its limited... ",curiosity
"Sorry, What I meant to say was if it had been worded differently it wouldn't have the same effect. ",
It starts with the malicious ones and then they whip up the others. [NAME] is truly a stain on american politics.,
Especially if you're looking for the Linux or Mac versions (which exist for a large portion of Steam games).,
"Thank you! I was thinking, man, I’ve never been corrected about this before. 😐",gratitude
"I sincerely hope they'll take good elements from DMC 2 (outfits, [NAME]) and maybe make fun of DmC",optimism
"You’re on the internet, no one owes you research and you don’t get to claim anything for googling supporting evidence You just get to be wrong",
Maybe you should get your cataracts removed to avoid walking into tree branches.,
That's not justification to keep doing it. Also this would be the purview of the Democratic party since it's the primaries we're talking about.,
Don't live near Chicago but still have my winner from the Dec 21 game. Hope I can still use it when I'm back on the 27th.,optimism
"I guess there's this, but that's all I can think of.",
Tip o' the pin to u/wikilacks for posting the full Pew article on this thread:,
Thank you for your post. I will always treat him the same,gratitude
"I was never a huge fan of her, but if they replaced [NAME] with her that would be the best thing to ever happen to this show.",admiration
This WILL work for you [NAME]!! I have hope for you bro!!,optimism
About a 30k vote difference with over 2.5 million votes cast.,
Scuba diving. I realized how truly precious and fragile nature is. I stopped eating seafood as well.,
"Thank you. Apparently simply stating ""it's from a comic called ""supply side Jesus"" wasn't pedantic enough for that guy.",gratitude
"Wow thanks for pointing that out, haven't heard that one before.",gratitude
"Whatever keeps your inflated ego going strong, Captain.",
"They spoofed their number, unfortunately (you know, time travel rules and all). Also: > older ~~then~~ my joke. than* :D",
You're happy something is negatively affecting people as long as it isn't you? [NAME]. You probably support [NAME] too.,
I'm not trying to address the whole issue. I'm just trying to suggest that there might be unintended consequences that lead to even less public discourse.,
>48 thoulsand minutes listened just on spotify Those are rookie numbers! Gotta pump those up,
No this is what the visitation center said over the phone to [NAME] when [NAME] didn’t show up.,
"I read it as ""urinary breast implant"" and was quite confused I must say. ",confusion
I'm just curious. I don't have anyone in mind rn. Just wanted to know if there are some cues,curiosity
Takes a random post from this subreddit when there's no plates.,
"So you can make funny sex jokes on iFunny, obviously.",amusement
They always message looking repeat business. Women don't use cam models.,
"Thanks for the suggestion, I’ll definitely have to hit that up once it gets a little warmer!",gratitude
Train with water. Resisting the urge to gulp which closes your throat is the key.,
The classic gothic vampire. They have a certain flair and panache.,
"If you are in the northern hemisphere, you must subscribe to the [NAME] “seasonal theory of lardons”.",
Easy to forget [NAME] since he was hurt but I'd add him to your list.,
I lol'd bigly an atempted to reverse your downdoots,amusement
"Assert your dominance and start posting cisphobic memes because they're ""spot on and true""",
Gmail logo is based on the red and white freemason man apron. Not surprised.,
To try and get him to take off his blindfold the aliens will start invite him on the squat rack with them,
"But they're here to ~~buy properties for their family!!!~~ I mean study, they're here to study!",
"Holy fuck, report this now. The fuck you doing on reddit? ",anger
Because she's a mediocre writer who got lucky with Harry Potter and is in no way relevant unless she needlessly retcons HP.,
"17 MLR, 2 in US colleges, 15 abroad, and 1 unnattached.",
A lot of things happened in the 90's that no one batted an eye to. It's just how things were.,
Hm. I just saw a kid steal a string from his kitty.,
"That’s always good to be away from toxic people like that. Try to keep yourself from those types of people, they can ruin your life.",approval
* [NAME]: 17 million * [NAME]: 90 billion * [NAME]: 4 trillion I think that one question sums up the DLB Show perfectly.,
A nice reminder that no one even considered giving acuna for gray,
Except my points are objective facts and his are opinions.,
1+1 = 2 1+1(+1) = 3 Know all the facts before you do your maths,
Thank you for being the voice of reason in the calamity that is Walmart.,gratitude
Acid/shrooms - [NAME]. [NAME] is a psychedelic jesus.,
r/punpatrol STOP RIGHT THERE! YOU'RE UNDER ARREST!,
The problem is that people cannot differentiate between a necessary and a sufficient condition.,annoyance
"If 23andme and facebook team up, you get a sample and find hee facebook user with the matching sample!",
"Mmh, I love the smell of thought policing in the morning. ",love
"The best feeling ever was when class was over and it never got to your turn, so you didnt have to present until the next day",joy
You sure? They seem so much brighter on screen lol,amusement
And now Episode 9 will be a hip meta-homage to Weekend at Bernie's where they try to pass off the franchise as being alive.,
I’ve been banned twice there so I unsubscribed and joined this sub. This sub IS SO MUCH BETTER!,approval
Gotta hurry up before the chicken gets there first.,
If you crack the code for getting a city job please let me know.,
"I read that as ""tarantula Mounting"" and was pleasantly surprised",surprise
"Where exactly is the irony? His name is not [NAME], and the title, bio, and picture contain no related jokes. ",curiosity
Istn't there a trick about coating the metal with clear nail polish?,curiosity
And yet OP couldn’t imagine a world in which they kept their brownie at their desk 🤔,
She has at least 12 elbows and all of them are happy. You get it gurl,joy
"Such a good doggo, and no one gets to pet her and let her know.",admiration
And what’s your thoughts on that specific scenario? Now I’m curious.,curiosity
Cool people = Good looking people who had healthy social development.,
"But then they couldn't be a self-martyring, violent tankie and that's not as much fun.",disapproval
"Scottish Greens' ""say something that'll rile some people up"" [NAME] says thing that riles some people up.",
You can only nominate one unit and said unit has to be one that wasn't already nominated,
"If the voiceover has to justify that butter gives the food good flavor, you know they've been adding *a lot* of butter. ",
this depends on being upwind from the bear though being loud and prepared in bear country is never a bad idea,
"I know this was coming, so I phrased it as ""**my** past relationships"" not as my **EX.** Anyhow, thanks Bro",gratitude
This is not unique to [RELIGION]. There are various sects and denominations in every world religion.,
> Thank you president [NAME] for providing us with meme material that will last a week! I think you mean 5 more years.,gratitude
They said [NAME] was the strongest candidate too... look at what happened there...,
They're a Queens family. [NAME] would be one of those dudes who sits outside of Bodegas and bothers high school girls when they walk by.,
That’s just proof positive they aren’t meant to be.,
"Having said that, if it was me there instead of you I probably wouldn't have come up with that until 20 minutes after the altercation was over.",
"Fuck it, maybe the faceless men worship the great other AND assassinated the fire warlocks in valyria, hwo knows?",anger
"They are, our cows actually eat grass... and, no corn starch. ",
" future reference: In the sidebar, ""Google doc with more reference links""",
We know from experience that [NAME] couldn’t save a boat,
Check her phone and email. She is probably screwing one of her yoga students.,
They forgot the part where everyone started clapping.,
"As long as he doesn't ask you to get in there with it, you're good to go.",
"White, yellow, green, purple, red, from worst to best. Ranks go from 20-1, 1 as the best, 20 as the worst.",
Yep that helps. I’m in a sneakarchy for sure. Thanks for the info!,gratitude
So excited for this!! Thanks to all who have worked so hard to put this together <3,gratitude
Title question: Obviously. As has already been mentioned in other threads this very day.,
Creating a corrupted mockery of Europe. How delightful and not 7th circle of hell like at all.,
"Hat tip to /u/ianamolly, this is from Sept. 2017 - ",
"> Conversely, Scandinavia does alright. That’s what they said about Venezuela. ",
Contentious statements cause unrest in public forum. In other news water is wet.,
"He doesn’t have to say anything, [NAME] needs to keep these things private.",
He seemed like he was about to run away and go do some meth.,
You have to have a high IQ to understand Rick and Morty.,
New Theory: [NAME] wanted the decoder ring so he could finally figure out how to bond with his father.,
"He’s gone soon I would imagine, hope we can get a late-mid round pick for him, like a 5th",optimism
Why so quiet now? You had a lot to say to me a handful of days ago.,
a mad men fan? nice. unfortunately i dont have any idea where to get this at.,confusion
It took me a moment but it was unexpected and got a laugh,amusement
"I’ve only gotta PC, so I legit googled this thinking that this was actually what happened hahahahahahha",amusement
"I have vaguely heard he was maybe, possibly going to make a statement in regards to no new taxes, but who knows. ",
"Joseph Vincent is the goat when it comes to highlights, I’m so happy he made a Saquads video",joy
it's a tribute to the iconic last line in Chinatown,
This made me laugh so hard I farted and woke my dog up. Only thing missing is the confetti.,amusement
"the girl looked the happiest out of all of them to get a puck, that man is amazing",admiration
So remember when everyone was reading [NAME] for making a song and performing it on the show around a contrived part of her brand???,
"They put whoever has the highest gamescore on a winning team that night, and that happened to be [NAME]",
"E-Mart is from Sinsegae, which means it's a Samsung affiliate.",
I didn't see it either! I feel like the kid at the birthday party that didn't get a piece of cake...,
Just rephrased it into two sentences for you. It's a great story!,admiration
"This person drew it mocking them, the artist isn't an actual [NAME], they used to post pretty frequently here /r/maxcellcomics",
A Buzzfeed article about 20 perfect pairs of boobies,
"Hawaiian pizza to the maximum, shout out to Caffe La Via @ Malvern lmao",
"noun flogging or beating, either as a religious discipline or for sexual gratification.",
Congrats! Vegan baking is still daunting to me but I will conquer it one day!,gratitude
Four onions grew into one. I have a pic from when I halved it. I'll post it when I'm not working,
Spin him with your curls and put him in your pocket Douzy. And toss him in the Alps.,
Please never stop writing poems mr u/SchnoodleDoodleDo :D,
In nNevada you get vested in retirement in 5 years. Stay in NV at least 5 years.,
Sir that is a popular opinion. I'm too afraid of what sort of trade will happen to want one.,
"It the equivalent of ""stop liking things I don't like."" You don't get to control the world. Lighten up and move on. ",
All news sites have reels ready for high profile people that are older or sick. Still tasteless to see,
"They're a double edge sword. Not too heavy on the beauty, but they always immensely helped me to immerse.",
"Thank you for sharing, that was some very big-brained marginalia. Now remember to wash your penis and clean your room before you play minecraft",gratitude
"No way. [NAME] was annoying. Arizona left a huge gap in the cast, she was great ",admiration annoyance
"as long as they remain indoor cats, no problem with being a cat lady. you do you ",
Look at the corner where the mirror meets the wall. There's an extra cockroach that's on one side but not the other.,
ah i was also confused but i think they mean friends around the same age,confusion
Always thought [NAME] spear look lethal...especially compared to someone like [NAME].,
Taking the SEPTA from West Trenton can put someone in Philly and it's suburbs as well.,
"I just moved to the big city, you reminded me to check in my local area now, just reported 4! Thanks!",gratitude
You beat nerfed [NAME]. Sounds like tier lists do matter.,
I would love to hang out with him & listen to his stories,love
It's a shame that anyone has to deal with that sort of feeling. I'm sorry that you had a similar experience. No one deserves that.,
i hope she is dead now and can not hurt anyone else.,optimism
*Hey just noticed..* it's your **2nd Cakeday** [NAME]! ^(hug),
"He will, they both look totally re-integrated. If not, they'll thrash the rockets bench guys lol",amusement
Cucumber for some reason always seems darker to me. Maybe it’s cause less people buy it so they sit there longer,
"Thank you, very good advice - I have been thinking that I need to help and lead more in this area. Good reminder, thank you!",admiration gratitude
"That whole [NAME] bit of ""I'm not gonna rape you. I'm a little boy."" is oddly on target.",
"Well, I knew that a lot of people don't trim their bushes in the eastern suburbs, but that's ridiculous.",
I’m constantly surprised that [NAME] doesn’t hate her.,surprise
"Unleash your RAGE, my chosen children! Unleash your rage upon the [NAME], and bring forth the age of the YELLOW ",
This moment always reminded me of being a kid and turning on Nickelodeon only to find Nick News with [NAME]. Ultimate disappointment.,
"yeqpnsaved one from every event in the history of hots, think I may have accidentally opened one of my summer boxes tho :s",
I'll be shocked if humanity makes it to 2100. But yeah. It's a miracle I'm alive since I had the toe on the trigger.,surprise
"Man, I wish Fed was still 26 for these matches lol ",amusement
"The powers that be don't like it when you try to educate the [NAME], but that's to be expected.",
"So the tldr version ""I pulled it out of my ass also get off my subreddit""",
You must have watched a lot of two girls and one cup.,
Thanks for not declaring that in a karma whory way like so many of your fellow fans,gratitude
Haven't heard that it has to be under the stars (ie at nighttime) specifically. And that one happens to be only a few centuries old.,
In the USA you won’t disappear for badmouthing the USA. That’s what I love about it.,love
If you manage to accidentally do that you have bigger worries than the sound to think about.,
Just woke up and bull run already started.. loving the 💩 show,love
Okay rude. Leave [NAME] alone and where he is please. I’ve been rooting for this kid since his first match.,
[NAME] might've told her when they were talking about [NAME] being on her period.,
"This comment has been removed for breaking Rule 3: ""Top level comments must contain a genuine and unbiased attempt at an answer.""",
I am surprised Facebook can't detect a non mobile device and redirect to the normal page.,surprise
"Takedown's not a terrible pick on Nuxia though, so that's something.",
Make a move now. She is ready. The breaking up In her head started 6 months ago so you can go ahead now.,
What about the hipster couple? Were you able to get their lawn on track?,curiosity
"Given the current state of our relations with SA, I would submit that judges should probably deny bail to Saudi citizens accused of serious crimes here in Canada.",
Looks like he drops the chainsaw right as the branch hits him,
I watched the Lego thing with my 7 year old cousin and I was surprised at how quickly I became invested in it.,surprise
Not sure why this is sitting at -10. Thanks for your concise explanation of both sides.,gratitude
I get hella pissed when people who are shorter than me complain about being too tall.,annoyance
[NAME] has the best facial expressions LOL. Her face is literally this emoji: 😒,
They dont here it i have a room that is pretty isolated,
>Ordinary Men by [NAME] Thanks for the recommendation. Got it ordered on kindle from Amazon.,gratitude
Guess you don’t understand that the Citizens United vs FEC ruling came around 26 years after [NAME] was president.,
"Check out [NAME], he's like the [NAME] of dissosiatives. ",
"""Sometime before people got wealthier when the kids needed to do this"" ",
Is [NAME] gonna die to a bucket of water at the end of the series?,curiosity
"Since 1987 it has been like this, I love this team and this sport.",love
That's not [NAME]. That's [NAME]. His family founded this country.,
This is what he has to say about this 'natural' physique,
"Right on [NAME] having a big year, but [NAME] was super disappointing this year.",
Yes! And also when you accidentally look at someone and think that they think that you're checking them out or something.,approval
"Your adventure begins, They were always beside you",
[NAME] is a 2 guard in a small body. Cavs fan's have been saying that they need a playmaking guard next to him.,
i love his face for that split second after he is hit,love
From the clips I've heard he says the people not receiving pay are all supporters that are ok with it because they want the wall,
"Well let’s research it. Apocalypse started 2003. [NAME] was 8 then. [NAME] is 11 in S2, so around 2005-2006.",
[NAME]. The third generation [RELIGION] stripper!! Hell yes I watcg 90DF!!!!,
[NAME] fits at 3 separate funerals plus almost every very serious uncomfortable conversation I've ever had would indicate you're not alone. [NAME].,
It was [NAME] and [NAME] that started them. [NAME] left OS even earlier than [NAME] did.,
"Every airliner is fully pressurized, even the hold. There's no ""partially pressurized"" aircraft. They don't necessarily heat the cargo area though",
He’s just behind [NAME] and [NAME]. Having 2 second rows on the bench would’ve been overkill when we’ve got [NAME] available.,
You think her being a [NAME] is the reason for the hatred? Really?,curiosity
The right had both houses and the presidency and they wait until they lose the house to pretend they care about passing wall funding. So brave.,admiration
Needles = government/big pharma who are only out to get you,
Excited for this project to be finished when I retire in 30 something years.,
Because it would be beneficial to her cause if he were. [NAME] scapegoat mechanism in action.,
First I thought this was a repost then I realized you posted this five times straight...,
When someone swipes over too far when you’re showing them pictures on your phone,
picked up a desk at a great price here. They have a good selection of furniture.,admiration
I'm a little disappointed that the tier markings werent' just different shades of green.,
Future MILs love LOVE love getting on Reddit though.,love
"Hey guys, it doesn't offend Uncle [NAME] here. Nothing to see, then. Guess we better move on...",
" were all terrorists but they were decent people in normal life""",
[NAME] got bigger plans ahead from the looks of it. I see [NAME] in the senate if any democrat has a chance in Texas.,
Not sure if very professional image journalist or avid porn enthusiast but good job all the same!,admiration confusion
"If you're a podcast person, you'd love the Magnificast. Two academic [NAME] talking about Marxist-Lenninism.",
"So when a 22 week old infant is born premature, does that thing near worthless morally?",curiosity
[NAME] said the GOP is the most dangerous organization in human history,
I honestly can't imagine [NAME] using any kind of profanity lol,amusement
"It wasn't about your syllable count. It was about how nobody ever calls it ""text-interpretation."" It's called ""reading comprehension.""",
the whole summit ice r/nathanforyou episode is amazing.,admiration
"I mean.....I know far more people who dabble with things like alchohol, weed and psychedelics than I know who are weekend warriors with opiates....",
When you buy the dog you get a lot of training to go with it and it's usually then further trained to specifically protect the person.,
"Google specific articles with figures and data for me, I'll wait.",
"I'd go with ""Thanks"" and leave it there or maybe ask what exactly they are praying for depending on what kinda relationship it is.",gratitude
"op says ""a couple busses is also fine"" hop on the 15l, 2 stops and a 1 block walk gets you to the snug.",
Imagine being so good that you get demoted to AAA because it's unfair for the rest of the players in MLB,
Below Springfield Illinois dweller checking in. Thanks for sharing the ILGuns sub!,gratitude
"Had a quick listen and it could potentially be my jam! Thank you, kind [NAME] :)",gratitude
"Syria is at war with Israel, Israel has every right to bomb targets that threaten their nation. ",approval
Incumbency only seems to matter in smaller states these days.,
"I think he actually isn't feeling well tonight. He left practice early yesterday because he felt light headed, [NAME] still put him in.",
Yes.... base on the things I’ve seen on his phone but he said he never rly did it....,
This is the kind of winning I love. Winning because [NAME] has 25 and [NAME] has 29,love
Thank you so much! I'm documenting as much as I can!,gratitude
Friend comes over: “why is you cat purple? Me: “He got drunk”,
Upfront. Costs a lot more over the term of the contract though.,
> Gold diggers barely exist. Right -- that's why most first dates tend to approximate a debtor's examination or an IRS audit.,
Obviously you defend cnn for doxxing the Covington high school kid. Aka child endangerment/abuse.,
Oh sorry on my phone auto correct. Which does jobs you focus on one person ensuring that they are ok,
Just turned on the game. I hope I brought the boys some good luck,optimism
I would’ve LOVED to be a part of something like this as a kid!!,love
TFW a sorceror cuts you root and stem and you hear someone's voice in flames as your junk burns.,
I hope we actually dont need to wait like 1 year for this. :(,optimism
"This sub no longer has much in the way of standards, sadly.",sadness
"Potentially, he was built up as having all these questions and being part of [NAME] Legion. But they never went anywhere with it.",
I explained this in a comment in the other thread.,
This was touching and certainly fits here on r/bestof. But can someone explain how it started? How did someone know he's depressed? I'm just confused..,confusion
"I will then be singing ""The hills are alive with the sound of music.""",
but then you have it stick to your lips and give you one of those cold-sore lookin' burns.,
This is a very important point. He knows some demons are kinder than humans and some humans are worse than demons.,
This is hilarious! Please share if she tells us what she thinks the difference is.,amusement
Not even in The Twelve Days of Christine? She was amazing in that.,admiration
So this dude gets a bonus that could have funded HGC for at least 2 more years. Thanks Activision!,gratitude
"It's interesting that [NAME] said [NAME] was his teacher on playing doomfist. Actually in mid 2017 [NAME] was one of, if not the best doomfist in China",
I would not recommend contacting her. That would probably creep her out.,disapproval
"I remember one guy on the show being labeled as ""[NAME] son"" so I""m not sure what that's about.",confusion
"What exactly do you personally think that meme is saying, please point back to the meme for each argument you make. ",curiosity
"You can, up until you proclaim scotland is a spectrum.",
"If its your first time with dxm, I would take that first and maybe the other drugs on the comedown",
Most retarded vid I have seen in this sub. Bigger off.,
[NAME] will have to redeem himself by getting a hatty. LGP!,
"Don’t rush it .... it will eventually all fall into place, Enjoy today ",joy
"Thanks for posting OP, much love to the [NAME] out there.",gratitude love
"To pay a merchant that accepts Bitcoin and doesn't accept ERC20, for one.",
But then you missed their officiant who looks and sounds like [NAME]! 🤭😳🤣 ,
"Four, fawn. Or where the victim tries to place the attacker.",
Oh I see. Thanks for letting me know. I fixed it now. The real link is HERE,gratitude
That might be the first time I've seen [NAME] block a shot,
I use to work in an office near a 24hr McDonald's. The smell of the place when walking by at 7am was stomach churning.,
There's no infiltration. [NAME] is their friend. Have been for many years.,
"Thats sexist AF, man boobs are a thing smh my head",
"Yes you can, you need to worry about em for a little while ago obviously doesn't handle as well as like 500lb heavier.",approval
"Yep! And the buns seemed so much fresher then. Last time I went, years ago, it was terribly disappointing.",
Have you tried finding other communities to join? Now I know ex-[RELIGION] communities are not that common but just non-religious communities should be rather commen right?,curiosity
Makes sense since he usually is the one to clean up kills while others make contact,
[NAME] and [NAME] can not be any further apart as QBs,
"You seem eager to just eat up whatever Manila does, werk",
Hope he takes a break before managing again... I love the guy but he needs to update/reevaluate some of his tactics and methods,love optimism
Saved this. Not OP but I feel like you just threw me a life jacket. Thank you.,gratitude
"Lord, cast your light upon this man, your servant. Bring him back from death and darkness. His flame has been extinguished, restore it!",
Wasn’t the black saber first seen in the Clone Wars? But otherwise all true.,curiosity
You didn't want to have sex with anyone before you turned 18?,curiosity
getting sucked in to a maneuver thurster or the primary ship screws are hell of away to go,annoyance
"Thanks Captain [NAME]. Admiral Semantics was just here, left a message to inform the crew that everything you eat is part of a diet.",gratitude
Still very curious who this woman is and what she looks like,curiosity
You should be using a twizzler like a goddamn adult.,
"Yeah, that also came up in the thread, and the reason was mentioned on BestOf here.",
was the dad just seeing things when he smacked [NAME] hand away?,curiosity
She looks like [NAME] as a baby but still as an old man at the same time,
"Ahhh yes, the I can be making close to 6 figures job that no one will ever disclose. Highly doubt it bro. ",confusion
Total non-reaction by the trio of guys. ‘There goes [NAME] again. Every time we come out here.’,
Not needed position? What team have you been watching?,curiosity
"You have no clue what you’re talking about. Minister of Defense is [NAME] from the ANEL party, nothing to do with Golden Dawn",
Thank you everyone for the suggestions. I think they're great much easier than my thoughts of trying to donate money instead of the contents.,gratitude
Excellent location. When it’s finished it’ll be spectacular around there.,admiration
"I am sorry for making fun of your username, I sincerely apologize.",
"Boy, she really does live rent free in your heads. At least conservative head rent is cheaper than D. C. rent. ",
"Girlfriend is straight off of Shop Hush social app and onto reddit. Someone tell her, its slightly embarrassing.",
For both of us to be done school. To be in a secure spot financially.,
">I want to ride my bicycle I want to ride my bike Ah yes, truly makes you think ",
"Welp, can't see [NAME] beating [NAME] if she's in this form!",
Im so glad I grew up killing infants at hospitals instead of being on my nokia,joy
"[NAME] got in before [NAME], but other than that...",
AE think that's looking harder and harder to defend?,
it's ironic you are identifying with the nazi character lol,amusement
I never said it should have been called. I just think it's hilarious that the replay literally shows it.,amusement
I'd sure as hell hope their washing their hands after at least.,optimism
at some point you just have to make some shots -[NAME],
"put that mofo in a wheelchair next sseason, get some yards.",
Like taking a life from someone without their consent at all? Just because they cant speak doesnt mean they're giving you the right to kill them.,
Women cheat way more. They have unlimited options like a kid in a candy store. Most men couldn't cheat if they tried,
Love the idea of these birds showing up during family gatherings and puking up trinkets,admiration
Thank you very much for the advice I didn't really have anywhere else to turn,gratitude
Ugh yes that makes sense. Thanks for the response.,gratitude
Girl here. I don't get why incels think that girls only like tall guys. I mean I'm 4'10 and my boyfriend is only 6'2.,
Back to back against Nashville and Vegas. Fuck I love this team.,love
I agree with the last part. Stop getting stopgaps and sign [NAME]...,approval
The Evergreen debacle shows how badly that goes in real life. Turns out the Diversity Coalition would actually hack [NAME] into pieces and parade her organs around.,
New Haven has tons of locations that have strong cyber punk-y vibes at night!,admiration
"Second, you accuse everyone who didn't ignore you of being a Russian propaganda poster",annoyance
#cooking #uni #urchin #local #tidetotable #truecooks #seafood #cheflife,
"Thanks for the advice, but I think I'll stick around for a bit.",gratitude
They're not giving you better than this most likely so just open them.,
I spent hours worrying about the y2k bug. None of it mattered. I suspect q is about as relevant.,
Whatever dude. Nothing is more trustworthy than [NAME] with a Russian accent,
[NAME] career ended after he broke his foot when he kicked a seat while blacked out on a party after a Vikings game.,
The real [NAME] is always in the comments. Thank you internet stranger,gratitude
I'm sure there's a trash bag full of 'em around there somewhere. Probably next to the insulin. You want some?,approval
I love this. I started to play PK again and I would love this,love
Bruh Nicollet Mall is downtown Minneapolis. There’s nothing suburban about it.,
The people I have heard from say [NAME] was a [NAME]. They will miss him but are still not willing to speak poorly of [NAME].,
That’s because this is clearly an advertisement and not something that would actually be served to someone,
"Not at all,I've got friends I never did anything with",
Yea he’s a good shooter love playing as him in MyGm,admiration love
"There is a huge hormone dump around 48-72 hours after birth. Totally normal. Take care of yourself, eat well, and get some rest.",
"Thank you so much, I’ll be following this and try to consult my parents Incase I am unsure of what else he may say.",gratitude
"Man, I would cry tears of joy if my two-year-old cousin could just say my name, let alone say a coherent sentence.",joy
"Thank you for contributing your weird suggestion, I love it.",gratitude love
And when guys your age are getting to be too old for long term contracts.,
"Thanks the mental heath team at the hospital were good, I can always check in there, if it’s too much",gratitude
Bruh if y’all haven’t seen ‘Into the Spider-Verse’ yet you gotta stop what you’re doing and go see it.,
"No offense taken, and I agree with your last statement.",approval
Thank you! That's the explanation I was looking for.,gratitude
"Mmmm, I haven't had dinner yet and it's been a while since I've ordered Thai...",
TIL being a victim of racism validates being a criminal.,
Coo bless...oncrici? Did I just summon an elder god?,
Apparently he has returned to the bench so hopefully he's ok.,optimism
“Keep a place for me” “I’ll sleep between y’all it’s nothin”,
"Proud [NAME], proud European. There are at least 16m of us.",
"well there's a pretty damning set of pictures there, ace.",admiration
Actually the chat is fairly centrist and there’s nothing wrong with having English as your second language,approval
"Thanks, I sort of bought myself the leadership role with that little stunt I pulled. I will do my best. ",gratitude
Thank you for saying so! I have loads more where that came from on my soundcloud.,gratitude
"Ugh, I have 2 cats as well and I wish for this every single day. I am, so far, constantly disappointed.",
I though [NAME] was the offensive guru? Why would he get an established guy who has an offense?,
I’m chuckling at you referring to it as a little ho.,amusement
"Probably banning tons of people who dared to question anything. Even for conservative reasons (guns, [NAME] leaving). ",
How have [NAME] and [NAME] looked tonight? I was watching the Huskies game during the first period.,curiosity
Respond to his comment including one of these Δ or !delta and an explanation of why it changed your view.,
With the way [NAME] has been playing I’m just hoping it’s not a coincidence that [NAME] is playing well too.,optimism
"Thanks for the insight. I'm not knowledgeable about it, I admit. I am sensitive to many types of plastics, though.",gratitude
A place I used to work had this blown up about twelve feet wide. I'd get physically nauseated looking at it,
[NAME] was pretty good too. Cuah was the best 10 tho,admiration
Man i was so sad when i found out vodka had calories,sadness
sending my thoughts and prayers LOL to your family!!! 😂 😂 😂,amusement
"He's probably already more than uncomfortable, just having a woman who isn't Mother that close to him.",
That is absolutely brilliant. Thank you so much for your help and support.,admiration gratitude
Wow those fruit turnovers look delicious id defo pay 3$ to have one,admiration
You mean by number of military personnel? Because if you go by navy size or budget that's not even remotely true,
You can see his tooth bouncing off the pavement on the right after he falls. Brings a tear of joy to my eye 😅,joy
"I am [NAME], [NAME] is my Husband and we're adopting [NAME] baby.",
"All sounds possible except the key, I can't see how it was missed in the first search. ",confusion
"I love this sub. Always 5% toxic, 95% thought out properly ",love
"Actually feminists claim women are superior in every way to men, but that due to male vodoo, men have obtained power over women. ",
"I've always thought [NAME], [NAME] and [NAME] are beautiful.",admiration
Last year was Celtics and Sixers... that’s pretty decent,admiration
Been a while since I watched but you gotta go through the mirror and put the bear under the bed. Then you can go with her.,
Florida. I moved up here and chose the best hockey team in NY/the universe,admiration
Here you go. Just search your username for the respective platform.,
> a nearly-neutered government Starving the beast rather than killing it.,
Then I disagree that being a cog in someone’s machine is reason to be resentful.,disapproval
A lot of the tik tok meme songs actually😂. They really make me laugh and hyped at the same time haha!,amusement
It was this one apparently it was for forever ago. I’ll delete this post If somebody says so.,
"I LOVE [NAME]. I truly do. I will be happy to vote for her, but pointing out clear differences is not negative.",joy love
the excitement when they all first come in always makes me happy,joy
Nize it lol. Everyone on this subreddit sounds like they’re 50+,amusement
That depends on the country and the state (if in the US.) You don't even know what continent they're on.,
"Dude, y'all anti American scum don't even believe in science. Fuck off with your generic bullshit because you can't list a specific example. ",anger
They probably make up 2/3rds of the income/salaries though.,
Triggered:: Welp guess it's time for me to re-up lol,amusement
Cafe hopping today! At the third one now. Might be too much coffee for me in one span though.,optimism
Thank you for saying this! (Extended breastfeeding mom of a 2.5 yr old here.),gratitude
Good to know everything is about average there. Leave it to H-Town to hold it down.,joy
[NAME] a good guy who hosts leagues full of people who want to have fun. Check it out!,admiration
"Invite him over to play! A game on the switch...cause well, in our lifestyle that could mean something different",
This coming from a cleric of a religion that declares that anyone who doesn't follow it is inherently immoral...,
& she cancelled the vote in December because she though she'd lose.,
Awesome! Just got to see this sunrise from the air flying to SEA this morning :),admiration
"I agree it's nonsense. Race, as a biological entity, doesn't exist. ",approval
Not quite no. I don't pay attention to the leaks so I can't judge their quality.,disapproval
"Yes, I’m aware. [NAME] loves LA and he isn’t worth 18 mil so he’d gladly take it.",
Just wanted to mention--Brazos Bend is closed due to flooding until next week.,
People got angry about Apple getting royalty free photos as part of the competition so now Apple is actually paying people.,
They're holding out for as much as possible... some mysteries arent that hard to solve,
She loves it. Watch Rick and Morty. Do it yourself.,love
"Surprised to not see Three Arrows on the list when he went from no videos at all to over 100,000 subscribers just in the course of 2018.",surprise
Seeing [NAME] score on them was unbelievable. How embarrassing!,
"^^dun ^^dun ^^dun ^^dun Sixteen military wives, Thirty-two bitchy-looking, valour-stealing eyes. ",
What do you expect? They used WordPress to create the entire thing. I wish this was a joke but you can check for yourself.,
"Fun fact: [NAME] had the upper hand because he had a sling shot, ye olde wordy equivalent of a gun.",
"This is awesome! Do you want people to RSVP? Or are you doing this first come, first served?",admiration curiosity
You should look into it more and see where you stand after that,
"they are needlepoint, excellent tabs. i've gained his trust and toured the lab. this is no weak shit. thanks for the info.",admiration gratitude
[NAME] just might be the hardest working man in hockey.,admiration
I leave for three weeks in Morocco tomorrow. Excited for the 80 degree temperature swing.,
It looks like it may be some type of munchkin cat since it has short legs,curiosity
The fact that LGBTQ rights were only recently (and not completely) recognized by the government directly contradicts the idea that gaining their rights has been quick.,
"2 losses to 1 loss, hmmmm seems we should be above them ",
Oh I see...I keep trying to do the move everytime they're down. Thanks for the clarification.,gratitude
"She's used an app on her waist, you can tell from the pixelation in her hand and from looking at her you tube",
I thought you and the other person meant turtles. Which really confused me,confusion
Those hurt people who are genuinely harmed and need to be made whole through litigation.,
"Trae getting where he wants whenever he wants, that’s all that matters",
"same, if you breath oxygen you only deserve to get shot and raped.",
"Just called, only one left, it's on hold for some fella named [NAME].",
"Come on, this would be funny with a better caption.",amusement
he always pays his debts but we'll have to wait to see if [NAME] gets a castle,
Someone else suggested netrunner which is a card game like MtG.,
"Yeah, he's 8-1 in his last 9 games played. Pretty great if you ask me.",admiration
"No, he's told me on multiple occasions he hates anime",disapproval
I definitely saw a tweet where someone threw their razor in their toilet. They’re gonna have to fish it out sometime...,
My baby niece does this. She fell down a couple stairs in her time and now is real careful with them,
"I figured, just thought I’d throw it out there. Love you :)",love
Imagine having a post-football career selling crisps and presenting a show that ignores 72 professional English clubs and then thinking you're a serious political commentator,
I was grouping twitter with it. Tweets were great this year,admiration
If we backed a second referendum and the Lib Dems were at 10% I'd be pretty annoyed to be honest. Cheeky sods.,annoyance
It scares me that left to right is also possible for anyone,
Your personality comes off as really obnoxious and overbearing. Maybe your thinly-veiled desperation explains why she didn’t want to go out with you.,
"Oh look, another SHG against. Must be a day that ends in -y.",
I can’t figure out how to PM you but I have a question about something on another post. Mom of 2 here. 😂,confusion
"That thing is rather thin , it wouldn't be a big problem to tap-swallow it",
"Or the Lady Killers, except it's a bank and not a Casino. Set in the south too.",
"Search President Dump, [NAME] and [NAME]. Honey you fine af compared to those turds.",
"This is the tyranny right here, not the drones and tanks they always use as straw men. This man should not have a badge. Ever.",
How about the hair... lovely. I'd rather die from a headshot...,
"I don’t think there’s anything sad about how many people are attending from their country, but I am doubtful of their prospects!",confusion
Yayy we agree on something. I mean everything's on fire but we agree haha,amusement approval
Because it was a common age for women to be engaged and married at that time.,
Having no position is in itself a position. I'm not sure which party is more likely to split right now.,confusion
"Im looking for this, but I predict a 3-1 win to barça. I really hope [NAME] doesnt bore me",optimism
"He's shooting very efficiently, too. Most of his FGs scored at the rim.",admiration
This is amazing. You look like a video game character whose hair texture hasn't loaded in properly.,admiration
You can literally see where Bugs Bunny’s arm was out of frame from the photo she cut it from.,
So many abrupt and unnecessary transitions with undefined lane guides to make space for ...nothing.,
We could open a little hotel and fix up a beat up old boat up nice. Get busy livin or get busy dyin.,
Dude the speed which the cop came running is amazing,admiration
That didn’t happen at all. It instantly became the front page material of the night with most liberals speculating about what buzzfeed got wrong.,
I don’t get it why are you quoting this Edit can someone explain how he got me and not just downvote lol,confusion
"I haven't killed one yet, but I did kill someone that had a carcass. I think I got $3 at the butcher.",
Hope you're havin a good trip my dude! Good vibes ✌🌈,optimism
"Now let’s go [NAME], beat PHI so the Saints can knock the Rams out next week",
One of the low key best hikes in AZ! Better than Camelback IMO,
Actually pretty surprised that they made it fit as well as this.,surprise
Now let's see what games media will magically defend because he's against it.,curiosity
"I bought up custody with a feminist friend and he said, ""men almost never try to retain custody"".",
When people say [NAME] should be an All star just show them that last possession,
I just saw a snot nosed brat eat a croissant on the subway and got crumbs all over and the snobby rude mom left like nothing happened .,
Yep. Been there. Watching my baby crying while vomiting and her eyes looking at me so hurt was hard.,sadness
"Ya so in a sense, you're just feeding strangers for a few days. Kind of charitable in a way",
"Hang on to that feeling brother, it gets easier :) ",
"Thank you for your message, I read it when I woke up and it helped. Thank you for showing kindness to a stranger",gratitude
"I'm about to start my weekend. Don't mind if I do go contribute to the thread. Thank you, OP.",gratitude
I know the one. I bought my dad one as a joke for father's day. He keeps pens in it.,
You specifically believe that if a mortal sin is not confessed a person is damned.,
My favorite is they didn't have time to eat healthy. Wut.,
Nah mate. I would kill for 3mb/s. On a good day i max out at about 450kb/s.,
Thanks for the feedback! I will certainly keep that length range in mind.,gratitude
"I read this place obsessively and didn't see it, so I'm enjoying it and upvoting it anyway",joy
That’s where he collected pebbles and hid them in the carton become part of that same alias I used.,
Will the full squads (+subs) be announced before the league starts? Curious as to who teams put down as their subs,curiosity
Wouldn't mind if they brought up his creepy gang rape essays or theory on how a lack of orgasms cause cancer either.,
Haha it’s funny cuz I’m 17 and still doing these haha...,amusement
That's not the one this one at minute 16:20 /u/HAHAAN00B /u/___apollo,
"Or he could just not share your beliefs? I mean, you don’t think his ethnicity should dictate his political views, do you?",
I've been watching it recently and it is such an amazing show!,admiration
It's honestly the best news I've heard all season.,joy
"I'm going to pretend this question was asked in all honesty, and upvote. Besides the answer below is great.",admiration
much like nhs staff dwp employees have little say over the quality of service they are expected to deliver under the circumstances.,
"True.. but it just seems weird that of all the ways [NAME] could have died in that throne room, he was killed by being cut in half. ",
It's still not something I'd jump to and I'm currently in a closed relationship really.,
Immigrants are superior -workers (leo) -taxpayers (leo) -culturally (the abbey),
It was a customary practice of prostitutes in the Arabian peninsula.,
CRAB RAVE 2 -------------------------- IS GONNA EXIST!!!,
Tell your wife you accept her offer to find another woman and suggest she start baking.,
A lot of people my age (2003) can't bc it wasn't really taught much in public school,
Queens of the Stone Age - Make it wit [NAME]. Our first dance at our wedding. Fleetwood Mac - As long as you Follow,
"This is a very good point, which I hadn't thought of. Thanks dull!",admiration gratitude
"You consider 15-17 year olds people too!?! Thanks, i suppose!",gratitude
You cant.Its the idiot civilian drivers fault for probably just staying behind him like a zombie. Unless they come out with heated trailers soon.,anger
"Thanks, I hope I can get through it too. Good luck with your futile attempts to sleep :p",gratitude optimism
I enjoy fixing problems. I think of it as a task that I can achieve. People get to overworked when they set too unreachable goals.,joy
“Those floors with *that* paneling? Ugh! Disgusting!”,
As a Ringwraith this offends me. Please build me a snowfort.,
Thank you.. Makes my heart happy that someone can appreciate this thread :),gratitude joy
"Ah, I love a quality rant, OP. Please keep up the good work! :)",admiration love
Thank you for your kind words! Your energy is contagious!,gratitude
I'm surprised [NAME] hasn't had a chance to be called up,surprise
He is just awful enough to do something like that.,
"So she spat in the face of [NAME], nature and you by violating your health.",
"This is a long shot here, but do you think we could eventually edit genes to produce longer life spans? Or maybe to stay younger for awhile?",curiosity
"those were actually just meant as an example, but that really doesn't change anything. the artifacts were STOLEN and must be returned.",
Okay... am I the only one curious how in the hell a fourth grader managed to get expelled?,curiosity
You'd think he'd be under playing weight considering how 'light' his drink driving sentence was....,
"I'm not saying to hate them, I'm wondering why this sub just started worshiping them.",surprise
If you absolutely can't find a copy of the book - private message me.,
Why “cover the name” if you can literally see it right after lol,amusement
Yeah it’s not a woooosh. Unless we’re all the wooooshes for thinking there’s not a wooooshable offense. This is wooooshpaganda.,
Absolutely ripping for that show. Really excited to see what they play!,
My names Welsh and only 5 letters and even that is too hard for most people.,
They can always fall back on Married with Children re-runs.,
"I apologize if I came across that way, it was not my intention. I meant only to state a fact.",
"The Four Agreements is amazing and life changing. I don't keep that many books in my library, but this one has made the cut.",admiration
"It would be an atrocity to bring him back, I think the F.O will be forced to bring in someone else.",
"It's funny to imagine that they're calling [NAME], a married man, an incel.",amusement
He only accepted [NAME] challenges because he never beat him decisively. [NAME] on the other hand...,
All the more reason for us to trade down for oline.,
Probably because he isn't sharing the juicy details?,
Comments like this needs a Not Safe For Coffee tag.,
"Yeah, it’d be weird to have two green arrows running around. ",
"It's ok he was back running in training this weekend, he should be grand for the England game",
She said in the ama she prefers they to he when out of drag but is ok with both,
The nightmares I'm going to have tonight would like to thank you in advance.,gratitude
That must be so frustrating. Sounds like he’s digging his heels in and refusing to accept his faults.,anger
"This artwork is amazing! Only thing that bothers me a bit, is that [NAME] is wearing something that looks like Korean traditional wear as opposed to a kimono",admiration
Right before aunt may and [NAME] start furiously making out,
Furthermore the kids are staying with you and wife can move out of the family home and back in with MIL.,
Keep doing this with your meals until you have some part of your dish that was originally cooked a few months ago,
"I wheezed at hope you just named her ""girl"", absolutely straight for the jugular",
The old “I had sex with your mom” joke. I chuckled a little.,amusement
I'm also enjoying it I like mixing the colors the most.,joy
"Watch ""Garfunkel and Oates - The Loophole"" if you haven't already",approval
350 calories The large is 20 oz and it’s 140 per 8 oz so 350,
Thank you! I ended up assigning a dbq and paired students up,gratitude
Ah thanks. I was posting on mobile so sub rules aren’t as obvious.,gratitude
"Sunni scum - check Saudi vermin - check What more can you expect, this is the lowest form life can take.",
"Agree, I avoid of the ones that do, pre-ordering any AAA is a no no now as well.",approval
He was waiting for [NAME] to stand up and ask him about the PC port...,
The intelligence of the average houston driver doesnt make this possible,
Other teams on power plays: relentless shooting at the short-handed team’s goal Blackhawks on power plays: can barely get the puck past the damn blue line,
"have a talk with her to see if she likes you and if you're going to ask her out go for it, ask her in person. ",
SAF is also in the list for Facebook. I triggered some people when I set my birthday fundraiser up.,
It is the internet. It's the place these guys call home.,
"[NAME] hasn't been found guilty, YET, but he has killed before and bribes every official he sees",
wouldn't you say [NAME] and [NAME] are part of the same generation?,curiosity
Ive missed this kind of rant. Thank you. Thank you so much.,gratitude
"Just invite him in on opening day and close the door, seal it up for 2000 years and that will be the end of the matter.",
"[NAME], 2020 OKC 1st, 2019 CLE 2nd For [NAME] and [NAME] A little filler required to get it done (possibly [NAME] or [NAME])",
Thank god the league doesn't force teams to trade or transfer it's player.,gratitude
The irony of you guys using an American website created because of capitalism is funny,amusement
Anybody think maybe we’re the mystery team in on [NAME]? At this point I wouldn’t be surprised.,curiosity
"During [NAME] and [NAME] cross examination, [NAME] never contested the finding of the key. Never accused them of planting anything. ",
"No, they don’t. No morning after pills/contraception pills are free, even at the clinics",disapproval
"I dont like to give out my number before meeting. Maybe phrase it in terms of verbal convo.. eg phone,Skype etc",disapproval
I feel sorry for her son that must have been super cringe,sadness
Thank you very much my good sir! If no one else has sent me a picture by then I'll make sure to inform you. Thanks again!,gratitude
>just convince 5 other gold players who aren't communicating to run a communication and coordination heavy comp 4HEad,
"Because that's illegal in Ontario. Even without a lease, the landlord can't simply increase the rent.",
"At least it’s not anything worse, and that you are still close to that person :)",approval
What's the fucking point of this post? Is just baseless claims with no proof to back them up.,anger
"Yes, and they hire trade school graduates at much lower salaries. A University graduate is usually better rounded and more competant.",
Dirty secret. They retired the decks until they got a doozy.,
I can't imagine getting it at 8! I got mine at 11 and freaked out because no one told me they existed lol.,amusement
"KNC is [NAME] syrian political party and a manifestation of the KRG, so yes indirectly.",
>I mean look at socialist Germany. Look at Night of the Long Knives.,
Besides the fact that's it's funny she also looks like me witch makes it .5% funnier,amusement
"It kind of replaces the home button, you use it to swipe up and out of an open app",
He had a poor year in 2000 but a really good year in 1999 that helped the Mets make the post-season.,
"Hope you're not [RELIGION], 'cause that ain't kosher... ",optimism
Yeah but you don't know if they're responsible for 2018 yet. Have to wait another year.,
"You love her knowing her limitations, adjusting your expectations, and keeping boundaries firmly set and enforced hard.",love
"You're an odd fellow, [NAME], but you steam a good ham.",approval
"Thanks, I'll do that next time. I didn't mean to get blood on it after all.",gratitude
"Thank you so much for saying all this, it needs to be heard more often. ",gratitude
"I'm irritated by the upside down ""Anti Crease"" bit more than anything. ",annoyance
I'm sure HMB Barbers at Nundah village will look after you,approval
"You seem real salty, lol. Enjoy having a 4th grade reading level bruh ",amusement
"Thank you for your comment, I didn't know Phoenix had a subreddit so now I'm subbed.",gratitude
No they didn’t. The asterisks on the name indicate that that is the registered name you have on your rewards account.,
"Thanks for that, I just turned 35 and considering nursing and starting over too",gratitude
Due time to me is a couple of years. Have plenty of time though,
I think [NAME] would guard his butt but [NAME] would try dropping 50 on his head.,
I watched a couple Titan games. He used [NAME] and [NAME] very well. That alone gets me excited.,
My fur son was the first I came out to. Most important also,
So not a single MP wants Brexit to be canceled? You really believe that?,curiosity
He wasn't chosen for me... He was chosen *for you*. I may have said too much...,
I see Land Rovers blushing on the side of the road all the time.,
local cannibal admits to son he robs graves of fallen soldiers to make his hot dogs,
Apples to oranges. Your perception doesn’t automatically make it wrong.,
You seem like a nice fellow but not sure where to start with this post,
There’s no reason to scare a parent into vaccinating their child with all this crazy talk of measles and polio. Everyone’s right!,
"Yeah, my partner is a starfish. Thanks, i needed that precise clarification. Dead whale sex too. ",gratitude
Fuck no i wanna kill the living shit out of [NAME],anger
It’s the heavy sack. He’s too clogged up from sitting there too long.,
And the nerve of that monster to say he wishes the police would have searched his home because she would still be alive..,
"I agree with this, but I'm guessing it's because he works from home and can work anywhere while she can't.",approval
"Even in Star Trek they have $, they just dont really talk about it. The point is basic needs are so trivial",
"I read the second tier cast makes very little by comparison. So [NAME], [NAME], [NAME], [NAME], etc",
"Seriously, it would make me sad to stop caring about my kid because they had x number of birthdays. ",
I dont see a blue line connecting them i see each mine has a little line coming out but on my screen they arent touching,
"Perhaps, but he got in after a 14 td 9 int season so I was basing it more off of that fact",
"Then she tries to just blow it out. Yup, that should work.",
"Marlins: [NAME], OF Wow talk about a blast from the past. I don’t remember him being so highly regarded as a prospect ",
Not the best in the world but he can still claim to be the biggest draw. Red pantie night is very real,
Are you that guy everyone’s talking about? That guy at sleepovers who says “technically it’s today” at 12:01am?,
The Dime on Commercial has cheap eats (but expensive drinks) and usually has a good crowd. A bit small but very lively.,admiration
The only part of church I'm sad my kids will miss.,sadness
My bio is pretty funny... I got ‘If you’re a Catfish then you’ll be charged a call out fee of £120.49’,amusement
And I’m not going to wait for League Play cause these clowns at Treyarch think seeker drones and razor wire are competitive.,
If the anime really ends that way there’s no way I see [NAME] and [NAME] get back together.,
uh... you explore. Iv def been curious and just spent a bit jamming my fingers in there feeling it all,curiosity
"I've felt number 2 so hard. ""Working hard for what you don't want"" is a thing. :(",
[NAME] rescued me as well. I also had a couple weeks of [NAME] saving my ass.,
What an amazing comment!This really resonates with me! Thanks for writing.,admiration gratitude
It's nice that we've started giving our backups some time; this gives them trade value when they demonstrate that they can play ball.,
"Mine do honestly, but I try not to use mine much when I’m in public with people because that’s tacky.",
"You can listen in the longer vid, chat brings that point up and he addresses the differences. ",
Talk to his parents maybe if that's an option. Just tread gently.,
I'm feeling hope for the first time in a long time.,optimism
Looks eerily like the series of a guy who was unpacked on the street near Star Seeds last night.,
INTRODUCING BUD LIGHT LIGHT for the [NAME] a beer consumer! Just when you thing Bud Light was light enough we managed to water it down more!,
"Definitely going to fail without a doubt qualified to even own my dog, and I’m happy it’s a deload week.",joy
"It’s an uphill battle buddy, r/twoxchromosomes have a literal armada and Reddit itself is already propagating against pro men’s right subs.",
What a career for TBA. Started on the wing for Qld in 2002 and now playing at prop for the Indigenous side 17 years later.,admiration
and here we all thought they just didn’t know what they were doing,
Man pre ASG Yankees were absolutely fun to watch. Judge hitting that homerun was awesome,admiration amusement
"Lol at the self-own of thinking “literally” is a “big word”, with a cherry of being too stupid to understand the context on top.",amusement
"This. It IS a minority here, but they are very vocal and very active, exactly what you would expect from a PR team",
"Yeah totally but she was mainly talking about [NAME] coming in and screaming, she wasn’t actually referencing their relationship",
"This is the most scary [NAME] can ever be to me, cause it’s also the most real he could ever be 😂",
Ask him for guidance? Ask for some time dating others? Is he polygamous?,
"It's hard to get hyped for daily type shows on Netflix. They should have a seperate category ""news/current events/editorials",
"I do not think it is 'wrong', I just see that the Pluses outweigh the Minuses. ",
The hairs at the back of your neck; the butterflies in your stomach....,
The thought that the armed forces of the US unironically use it is hilarious.,amusement
Your gender doesn't really affect my opinion. Guys on dating apps might be patient for 5 dates but they aren't waiting for marriage,
"Best way to ship an item that is roughly 120"" x 8"" x 8"" and weighs 45 lbs? Thank you!!",gratitude
Really surprised I had to come this far down to find this!,surprise
"Oh nooooooo! Well, hair will always grow back. And you can get by with bobby pins in the meantime. ",
Wild Fox Koan dives rather deeply in this question:,
"Interesting, hopefully somebody might be able to provide you an answer.",optimism
I don't think the people who agree with this post fully understand how large a legion is.,disapproval
Doesn't matter how late the apology! She apologised and kindness is all the world needs :),approval
"[NAME] helped by hosting with her 12k? viewers from the drop event. But yeah, overall the viewership has increased in general. Which is great news.",admiration
Over-levelling is easy to avoid you just turn off exp-share Except no one is going to do that because arbitrarily grinding is boring,
Hear eagles fans are sending dude money. He'll need it. I'm hoping I hear of his unemployment momentarily.,optimism
"[NAME], now you have my attention. Do you want your fun fact or no?",curiosity
You forgot some hyper text transfer protocols there buddy.,
"The admins do not recognize the ""np"" link. They've said so.",
[NAME] was only OP when it came out. [NAME] was OP for so long. I'm still happy they finally did something to her.,joy
I’m genuinely curious as to how much Netflix is paying people to make memes about Bird Box.,curiosity
Thank you & my heartfelt condolences. Snap in to a watermelon and drink to forget.,gratitude
She looks like her face is pulled back with ''face lifts'' tape. Or like she's pulling back her face like that scene in MIB I.,
If the wealthy behave as if its fine to discount the future then its fine for the poor to take from them.,
Probably it is a lot less memorable for those rich guys since they eat this type of stuff so often it stops being a special experience altogether.,
"I have a solid plan in place, definitely not an impulse decision. Just curious about other people’s experiences. ",approval curiosity
Thanks. 22-23 is about when Chabad bochurim tend to do semichah. And it's officially always done before marriage.,gratitude
I have but I sugar discreetly and I’m genuinely afraid to have that compromised due to the field I’m in,
"Probably should have stopped popping the heads of dandelions while saying ""mama had a baby and the head popped off"" ",
"Man, I'm 13 and still took my time because the entire volume enclosed. And the heart is from rick and morty copy pasta.",
"Yep, it would be super easy. Honestly makes me regret not doing that to the flames sub... /S kind of",approval
I live in Baltimore and heard she will have an office out of here. Any details on how I can volunteer for her campaign?,curiosity
I mean I just screenshotted this out of my news feed.,
"No, it's still up. It was in the comments, though, not the text itself.",
"wE mODiFieD eiGHT viDEo CaRds tO fIt iN A SinGLe pciE sLoT /squeak Whoops, sorry, wrong [NAME].",
"It's John Fogerty v Fantasy Records all over again, and the parent comment is Fantasy Records ",
Sad thing is it would probably forcibly ground the plane.,sadness
Made by [NAME] who also was involved with Sacred Games so I think you'll enjoy it.,joy
I don't make a habit of looking at people's profiles over a simple comment. Tell me what I'm supposed to see from your post history.,
I thought funwaa was made up until I actually visited the site,
well guys it was fun. [NAME] passed up the open three ffs,joy
Those charts seem to indicate approximately a net 4000 advantage for [NAME] over the period considered.,
Ever seen a lion limber up before it takes down a gazelle?,curiosity
Definite Fridge Horror moment for that movie. That poor man.,sadness
"""aaaand it's intercepted! [NAME] at the goal line!"" music to my ears",
thanks for the tip. i haven’t been there except for specific shows. i’ll check it out.,gratitude
Lmaoooo how’d you miss him that close 😂 sweet justice,amusement
"The montage of a man's career, there's so much said in these photos it is incredible.",admiration
No because they’re your property on your property.,
You've been checking in on all us 3.8 billion females? That's impressive.,admiration
Have you found any of the students with you have common interests?,curiosity
"[NAME]! Fun fact, it was [NAME]. who led the stacked 86 Mets rotation in wins with 18.",
i love you [NAME] and and son [NAME] and the holy spirit love,love
But he did not go in front of [NAME]. He simply slid in front of the gun,
"That's great to hear. I hope you get it, and have many years with that job.",admiration optimism
And there may be fare reduction on the way ..... Or walk from William,
"Get a second opinion from a different doctor. Eczema can get exacerbated by home remedies sometimes, so be sure to check with another doc first. ",
[NAME] isn't advocating socialism. He's advocating the government intervene in the labor market because those mean free marketers. Not [NAME] but populist left,
It's not because you killed the chicken. Kill another one and see if that happens again.,
By having to pay out over a hundred million in lawsuits?,
Rule number 1: never dye your hair while drunk haha,amusement
It's kinda sad knowing that ibises are only scavenging our bins & rubbish due to their natural habitats drying out.,sadness
i hope kawhi doesnt step foot outside its cold af today,optimism
At least they've got their hand-cry coordination down.,
Hello everyone. Im from Toronto as well. Can call and visit in personal if needed.,
Love that we have the same amount of playoff wins as them this year!,love
"I don't know, they'd have to reduce the accuracy of the NPCs a bit then cause I sure don't like 1-shotters using aimbot",
How often does this happen? To you and others? I'm curious.,curiosity
"That kid comes out of nowhere, it looks like he appeared right next to the woman like he teleported. ",
I daydream about putting them on. I let other people daydream about the taking them off part.,
Wow so he cheated shes going to manipulate and use him because she can send him back whenever she wants. [NAME] 2.0,
"Go take care of your boy up top of this chain, then we'll talk.",
"[NAME] a filthy commie statist who wants to take your guns, has no idea how economics works, and has the morals of a left-wing welfare degenerate. ",
Tell them to make their penínsulas wide enough for my finger,
I don't think any game mode has a guarantee anymore. I five stacked last night in unranked and waited 15mins for a game. TL feels the shortest,
"Just [NAME] rush the sub, they can try and get us but we’ll break through like the videos of the England team they tried deleting.",
Problem is the people who don’t know the difference between a single solid yellow and a double solid yellow...,
"This is more normal for INTPs, but ENTPs can be this way as well.",
That face you make when you try to just dash at him and get through it.,
"Skittlez, I'm really proud of you. She's been jerking you around for ages! Stay strong, honey, you got this!",admiration
"Sure. We can back another vote if it's found out that remain was illegally funded by [NAME], constantly lied.",approval
And her face too colt bites his finger nails it says,
Do you want a people's army? because that's how you get a people's army,
Their heart rate and sats are great. Don't know what you're worried about.,admiration
"Make sure the kids layer up. And make sure you layer up, too.",
I have no shame to say I know the dances and most of the live shows. SHE IS MY QUEEN,admiration
"[NAME] ""[NAME] couldn't wait for me to leave office on September 10th, 2001"" [NAME]!",
They prefer the term pro-life instead of anti-choice. Unless you want to be anti-life,
Wouldn't the powder be derived from the crystalline MDMA?,
"My point is, theres millions of men who aren't [NAME] tech employees who could theoretically be speaking out with no real consequences ",
To make money from money is disgusting and is screwing up the economy.,
I know you're trying to play devil's advocate but [NAME] doesn't hit close to as well as [NAME],
Not relevant. Evangelicals frequently preferring [NAME] to the likely alternatives has nothing to do with the alt-right; there's a little overlap but not much.,
She should have her medical license revoked because she took an oath to do no harm,
"There can be, but I meant the consequences of murdering someone in broad daylight.",
"No, I mean that each single individual will commonly use contradictory arguments just to satisfy his comment-du-jour. Everyone but incels realizes it.",
You can't freely make a decision when your opinions are a shitty contract or life on the streets. That is not freedom.,disapproval
Don’t link the technical definition of terms if you don’t want people to apply it. Enjoy your New Year.,
"Almost but they took me to the hospital instead. Went through medical court, got forced to do treatment.",
"Eh, it's very easy for him to show up and offer guidance to the NJO (or whatever happens) IMO",
This happened to me recently. She was doing her thing and I was watching Rick and Morty. Wubalubadubdub,
"I upvoted, even though phrasing make this sentence debatable.",
"I'm sorry that America funded a coup, but I get to have my Medicare. - AOC",
"I almost feel sorry for the poor fellow because, to me, the fingers still look abnormally stubby",
"I do, and I've experienced a similar situation falling asleep. Like my mind is fixated on an object that keeps getting bigger and bigger.",
I disagree with all of what you just said but I am in the same booooaaaaat.,disapproval
You’ll have to take it up with my good friend [NAME],
Or they saved their mom from a lifetime of fixing him... 🤕,
This one sentence of humor has overridden all of the trolls thoughts today. Thanks for the chuckle.,gratitude
"Thanks, obviously I didn't put my best foot forward here, but we are chemistry sets that are designed for certain activities etc.",gratitude
I like [NAME] suit less the more I see it in action.,love
Oh yeah! He was great for us. 0.69 ERA in 24 G with 10.7 K/9. I forgot about him.,admiration
I always thought [NAME] purposefully was tanking her lip syncs on All Stars because she didn't want to send people home.,
"You realize this is the university, right? Not the hospital. They're not the same entity.",
Look up normal in a dictionary and stop being offended over a word like the speech police.,
[NAME] is a grown man who is attracted to actual children [NAME] is attracted to someone her age [NAME] = [NAME]?????,
Rule #6 - Always ensure there's a random stranger near-by that can wave you to continue on once your task has been completed.,
he left the company 2 years ago. he is not listed as a shareholder in the parent company.,
Dude don’t even trip. [NAME] is the shit. I also have a soft spot for [NAME] if you’re into her at all lol,annoyance
"AP can tell them to leave, and then call the cops if they don't. Soliciting/begging is not allowed on Target property. ",disapproval
Still haven't heard a good reason why the delay isn't shorter,
And both are women... His lineage exists because of two foreign women. Take that in.,
Actually whoosh doesn't apply here because the criteria for whooshing is different.,disapproval
This question is kind of funny because it’s one of the main points of argument between the sides...,amusement
Thanks for not showing her picture. I just had lunch.,gratitude
you have captured their ugliness perfectly . GREAT JOB,admiration
But she can shoot someone in the back of the head and be held responsible for it.,
I heard all the suburbs were going to be looted and burnt and their inhabitants enslaved to forever work at Schnucks,
She called someone from RHONJ a r****d and then doubled down in a particularly petulant manner when someone called her out,
"An escort is a person who provides a service. Do you refer to waiters as ""it""?",
NSFW If anyone is wondering what happened to his leg (0:48),
"And also some anti-establishment types that don't like [NAME] because she's ""the establishment."" Luckily these sort of people are in the minority.",
As far as I know that’s why the military loves it. Plus the [NAME] use it for food occasionally.,love
"I agree she’s not fat, but that is Photoshopped and posed into oblivion.",approval
Doubt that’s what is making or breaking the situation. Either way simply introduce her by her name and let me extrapolate what she is,
"I'm just curious, all those people who blamed you for his infidelity, what are they saying now?",curiosity
"I thought it was a bachelorette party. Re-reading it appears it isn't, which makes her reaction even more immature.",
I'm old enough to remember the last time the Pistons got a stop on defense,
Same here. The ones who know me and my obsession always let me know and it makes me happy.,joy
I'm in the UK dude. It's happening everywhere and most people are either busy hating or living in a bubble so are oblivious.,
"You are laughable, you will defend this backup until he's gone.",
Just wait. Wait for the false promise. Wait for the mandatory prompts. Wait for the empty gestures.,
"We'll see. It's too early to tell, if he's ready, he'll be with the team, they are losing [NAME].",
had to play the Jazz just in time for second half of the season [NAME] smh,
This is like taking over a buddy's girlfriend so that he can hook up with the girl you really wanted in the first place.,
Do what your username is. They aren't comparable is the slightest.,
"You should see a ""heat map"" about the movement of a winger and you would be surprised where do they spend more time on the field. ",
HER VOICE IS SO GOOD no wonder she likes phone calls,admiration
[NAME] own DHS claims most drugs come in through legal points of entry. Do you have any sources to contradict that?,
Respect for the homepod I got two of em. Arguably bit overpriced but it’s an amazing product,admiration
"I sent that link to my girlfriend, whom I met on Tinder lol",amusement
UPVOTE BROS HOOOOOLD WE CANT LET THE POST GO BELOW 50%,
Thank you for the advice. It is really really appreciated. 🙂,admiration gratitude
This made me spit out my coffee. But I feel [NAME] is too regal. How about [NAME]?,curiosity
I'm genuinely curious how Russia's vested interest in South Africa will have any impact on the way that Russian news reports on SA,curiosity
My boyfriend and I got haircuts yesterday and the coiffeuse thought my boyfriend was my father...,
I live there currently! My MIL claims she went to high school with coach [NAME] if that gives a good hint,
"After this conversation, he never found the answer and every day was the same, day in, day out.",
This would be like switching from a girlfriend who cheats on you and steals your money to a girlfriend who cheats on you and doesn't like your dog.,
Related: Report: Millions Of Courageous Americans Overcoming Media Pressure To Be Thin,
It infuriates me how many layers of tape these things have sometimes.,anger
The city would have that removed so quickly to keep the cash cow mooing.,
"Not to mention even if it was called and due, the WBC have said they would be happy with a unification first. ",
"Nae bother, Happy to bring musical joy in to any household.....",joy
"And when not patrolling the streets or providing desktop service support, officer vvv good boy/girl is a dispatcher.",
Wife left me and I am just broken. relapsed tonight from 7 years clean and just not seeing a point anymore,sadness
Saw thundamentals live. happy that this song got in top 30,joy
Pikachu shocked.jpg I hope we give him a fair chance and he succeeds,optimism surprise
Something something haven’t gotten off since last year something,
"That last bit is part of the embarrassment, actually.",
I feel like the world would be a vastly different place if the make up wearing roles where reversed,
"""Men are afraid that women will laugh at them. Women are afraid that men will kill them."" -[NAME]",
Every INTJ Girl I dated said they aren't interested in me because we are too much the same,disapproval
"Xers and [NAME] would be more of age in the 90’s doh, signed [NAME]. ",
Serious props for this it embodies the grumps perfectly.,
Well he has admitted lying. So start asking yourself these questions.,
This isnt a excuse. It affected their start last yr also.,annoyance
"Saw it at work this morning, christ the clouds were beautiful",admiration
"I loved it too! I think it doesn't really mean anything and it was just a hommage, but anything can happen in Riverdale. ",love
And I kinda noticed that [NAME] is a lowkey (bec of the edit) [NAME]. Just clock her reactions to ep1 and ep4 to Manila.,
Sexuality includes romantic attraction in its labeling and always has. Asexual folks are the only people who really need it.,
"What was that, I couldn't hear you over my easy to clean cookware! ",confusion
now imagine its some drunk 20 year old sitting near you screaming things every couple of minutes because thats whats its like in the stands,
you arent a real 90's kid if you were born after 1999,disapproval
It's pretty warm in Australia during this time of year.,
best to add a **/s** ......almost sounds like you're being serious!,
"I got over 900 responses, so it is taking more time that I expected, hopefully will be done by this Sunday.",optimism
I'm working on it. But there is always the fear lurking around....,
Thank you kindly.... I appreciate the support. Could you elaborate on the tip please? Thank you,gratitude
"Just as delusional as [NAME] was. The difference though is [NAME] seems to be putting on an act, tj is just that salty.",
As we shouldn't. We are trying to win a SB here not showcase another star player.,disapproval
Yeah but it's fun lol. Hes banned a lot in NA also.,amusement
Found the kid that throws everybody else’s ball by the tail!,
☠️ I felt his pain!!!☠️ R.I.P. furry giblets!!!!☹️,sadness
It’s shocking isn’t it? I paid less for a flight from London to Manchester than it would have cost for the train.,surprise
"On the other hand, I'm pretty sure the Phoenix VA is actively trying to kill me lol.",amusement
A SWEDISH penis enlarger pump? make sure you read the instructions by austin powers.,
You're thinking of [NAME]. [NAME] been a senator since 2009 and is up for reelection in 2020,
You said that the illegals who come over the border should be allowed to enter legally.,
"Wow! What a big beautiful terrific post, thank-you OP for enlightening us to these hidden truths.",admiration gratitude
i love it when [NAME] injects himself with sassy serum 😊,love
He would probably just treat the situation like A$AP Bari’s.,
"Legality never made anything just or meant that something is Moral. The holocaust was legal, so was segregation.",
Thanks for contributing to the point I just made. More complaining and self-assuring. Yap away.,gratitude
I'm personally curious why we didnt get a video bit from him. Is he natty or bust? His stuff is great,admiration curiosity
"I wish my phone was that accurate. It warns me I'm at 14%, then 10 minutes later it drops to 0% and shuts off.",
You clearly don't have a clue about [NAME] career so don't start worrying about it now.,
"No, it's because of the misogyny that's often present in the community. ",disapproval
"If [NAME] supporters trigger you more than mass murdering, child/wife abusing terrorists then I'd say you need to be admitted to a psych ward",
I find one at least one mermaid every 2-4 islands Sometimes 2 mermaids an island,
"I am just saying in general, in any situation. Work or not. ",
Oh look a player breaking out of a slump against Dallas. Haven't seen this one before,surprise
The mom looks like my great aunt when she was younger.,admiration
I'd imagine it's heavily dependent on exactly where in the world you are.,
You sir have put into words my exact feelings on this matter.,
I'm working hard to see if this meme is even feasible.,
They are taking advantage of the fact that you found this thread and realized you have to do is one more day until you get it.,
This shark is so beautiful i thought it was one of those high quality animations,admiration
Love the song! First one I’ve bought in a long time,love
"Since it’s a commercial truck, the driver probably has a CDL.",
she tries to stop you from busting out of the cell after [NAME] takes aj,
"And in the case of human trafficking, these people we should be given homes and protection instead of being tossed out to be abused in their home country",optimism
"Out of curiosity, what does [NAME] think of [NAME]?",curiosity
"MI-13 was uncontested by the GOP, too, but the numbers probably work out because Tlaib beat the Green Party candidate 81-19.",
So satisfying chucking a spear and getting a few guys with one throw. Also I loved the bow in this game,love
They probably did it because of the tourneys ESL will be doing in Eu. Those tourneys will be majority EU invites,
Angry old men raise their canes when angry. Raising Cane's is a fast food chicken finger chain.,anger
I’ve never heard of this website! Thanks for letting me know.,gratitude
"The calls are totally random so no regulars sadly. But on the plus side, you get to help so many more people! ",
I love listening to their votes and stuff. It's always so rowdy I love it,love
"Oh, for the love of... The knock goes between the index and middle fingers, [NAME]!",
"True dat. I’m an AFC guy, but I’m even more an AFC West guy. Send the [NAME] home, Chefs!",approval
I’m embarrassed how long it took for me to figure this out. 🤦🏼‍♀️,
At a standstill for hours on end? Yes. It took me 7 hours to get home,
Not gonna bother reading that you're not gonna change my mind lol,amusement
> Swansons on 45th in Wallingford They have about the same janky reviews as everywhere else.,
"A mod like this, especially if it's exclusive to your servers, would be full no matter what",
"Omg, there is a wallet made out of a dead squirrel on that sub! *SUBSCRIBED*",surprise
From your username and the fact that you had to type that you’re NOT underage: now feels like you are,
Jordan closed its border long ago. And they shoot at militants trying to cross it. One such incident was all over the news last year.,
You’re right but territories haven’t been around for decades,approval
I agree it seemed very odd the whole live stream...,approval
Must be a couple of Alt Left students at Berkeley Cummunist University.,
"You should tell the FBI and Mueller investigation that. Also [NAME], since he clearly didn't get the memo.",
They used it as a political insult. Nothing about his sexual life.,
Erm... Maybe he wants you to use those toys... On him.,
Omg! There's one in every family. And every classroom.,surprise
MRW I'm just trying to make it through my day and someone brings up Brexit or [NAME],
"Be careful, it’s a slippery slope. Alcohol isn’t fixing your problem, it’s just hiding it.",
Indian : Malai kofta at Bombay house Also Balaji Caffe in West Jordan for some authentic South Indian fare,
A few times but people like this have a short attention span/only care when the tv says too,
"There is going to be an adjustment period at first for sure, but [NAME] would definitely help our defense.",approval
And if [NAME] had any impact he would likely be playing in a 3rd next week,
I think you should nourish it with activated almonds.,approval
"Or maybe just cross posting. Or even just saving the picture, reddit does have a handy feature for that. ",
"The house actually looks amazing, though the risk of haunting may not be worth the cheaper price!! ",admiration
What everyone thinks until they see what houses out here cost. :(,
thanks i used to sell cashews nuts and they the people called it the nuthose so i used the name,gratitude
It's mooching. Tell him not to be a freeloader and get his own Netflix lol,
As if I needed another reason to avoid the Galleria.,
"Well, I can't speak for the right; I'm on the left.",
Lol they’re so caught. “It’s not what it looks like! We hate each other!”,
"I mean... It also has Strength as a ""fantasy power""? I don't get this joke ",confusion
"I agree, but with having [NAME] and [NAME] on, he was still our MOTM. ",approval
"I think it is simply that all the stress got to [NAME]. He is human after all, and he apologised for what he did, IIRC.",
"> [NAME] huh she hasn't even cast a vote on anything yet, you can't just apply your preconceived biases onto a person without a voting record",
Another deluded soul who has been caught up in a depraved world.....,
[NAME] dropped his career high on them last season.,
She was also on grey’s already as [NAME] friend when she was in chemo! She got the experimental treatment and died,
" '*Pray*, v. To ask that the laws of the universe be annulled in behalf of a single petitioner, confessedly unworthy.' — [NAME]",
So you’re telling me [NAME] hasn’t got a baby face?,
"I’ll take “things that didn’t happen” for $800, [NAME].",
"Someone else mentioned the council of Rome (382), but I’ll look into Carthage (397) and Hippo (393). Thank you!",gratitude
Whisper me your steam id but it'll be 1-2 hours until I can start playing,
"Bro thank you for what you do, and keeping the roads clear so I can make money, thank you",gratitude
"[NAME] can't create on his own and has no in between game, [NAME] is too inconsistent at it.",
No he didn’t 😂😂😂 his foot grazed the side of his head and was clearly an accident..,
"Thank you much! At least it's just hair, it'll be back",gratitude
Alright. Why is it possible for us to make fun of the almighty [NAME]?,curiosity
"""Your dehumanizing the people who are breaking our laws on several levels when a perfectly working citizenship process exists!"" And? ",
They do throw you in jail if you go way too fast or get too many tickets,
I’m rather surprised that these books are STILL being made. Like I thought they died off around 2014.,surprise
Recently i was shopping with my girlfriend and she saw something she liked. So after I dropped her off at work I went back and bought it.,
It's too bad they don't use that gorgeous high altar.,
I will have one of each please. Not just far left and right. All. Any doubles you might have as well. Thanks byeee,gratitude
You are a wize man. This was a brilliant conversation,admiration
She had it so good with [NAME] as his ex. Girlfriend was so freaking nice.,admiration
I feel like that’s the least disgusting option. Imagine a penis or vaginal canal made out of fingers.,
"The stadium isn’t a draw, it’s using space that would have otherwise been available for more housing ",
"NOP has showed interest in [NAME] this year, [NAME] is a young C who could thrive in a different system with better players.",
The pink hats in here will tell us something different but we know the truth. Thanks for the comment,gratitude
"Would you’ve still got with her if you’d known beforehand? No judgement, just curious.",curiosity
Congrats on approaching the situation with logic unlike most everyone else,gratitude
"Amazing, all three of those consoles are from different generations.",admiration
Mercy and clique I understand but creepers is one of my [NAME] songs,
"Only thing TO know is that this motherfucker is obviously living his best birdy life and good for him. Fly high little buddy, fly high. ",anger
It's funny because [NAME] actually transformed his play after he left Bulls and evemtually signed with Heat. Would be hilarious if [NAME] did something similar,amusement
Im coo coo coco crazy for you my chi chi cay cay cyborg aw aw arm!,
[NAME] got pushed down when through on goal ref has to call that,
This guy's YouTube channel is actually really awesome. He makes all sorts of epoxy art. His name on YouTube is [NAME],admiration
"Fortunately for you, Racist [NAME] anticipated this when he added, ""Let the past die, kill it if you have to...""",
We aren't even buying it's loans and still nobody has been signed,
Yupp. If you drive down South Broadway you can see SoBro spraypainted on some buildings.,
When hes nailing threes though its a glorious thing.,admiration
she once had a one way 30 minute conversation with me about how she and her boyfriend met while I was holding food what do you think,
It was used during the revolution and you know how they are with tradition.,
"This is from just down the road from where I lived at uni in Liverpool, I'm not surprised by their reaction at all.",
Well Reddit frequently forgets that [NAME] was jousting with [NAME] for biggest hawk in DC.,
Thank you. It is somewhat comforting to think this may be the real issue and not that she just doesn't want to with me anymore.,gratitude
ITT: Reddit ironically using conservative characatures to complain about liberal characatures.,
I just went through and read every single one. This is amazing,admiration
Just traded [NAME] and [NAME] for [NAME] in dynasty. Go to SF,
"It most likely isn’t foreshadowing. [NAME] sings, and the song has [NAME] name in it.",
Just tagging along for the screenshot. As you were.,
Well if they are in the playoffs it likely means we are not so that should be a cause for concern regardless of how they perform once they get there,
Im pretty sure the 2nd song is about him too. Cant wait to get that on the PA along with the disco lights,approval
Thought i was already there with the terrible title.,
"Hm, I haven’t heard that opinion before but it sounds good. Thanks for the advice!",admiration gratitude
It doesn't go to neutral. Every throw break leaves the characters at a different frame advantage/disadvantage.,
Congratulations! I have 8 months and 23 days! We DO recover & we can do it together! Proud of you :),gratitude
"I do recall him saying at some point that he was ""unsure"" whether he would vote for [NAME] or not (or something along those lines).",
"ok, im curious to the origins of this gif. what live performance was this at?",curiosity
Just go to a doctor/dispensary or call them on the phone.,
Haha your mom lol 😎😎. Having flashbacks of 4th grade rn,amusement
"Thanks for reminding me of her response video, that was gold",gratitude
Sigh. Maybe one day folks will see the system for what it is.,
Comes from [NAME]. I love the seduction community.,love
They dont mind a second trump term if [NAME] 2020 looks likely,
"It's the app, you get daily readings, you can communicate with the other members, reminders, etc, download the app you'll see",
Same here! And I go to Century College. Just started second semester. 38 yr old washed up Mover. 4.0 first semester.,
"> i dont want people to have bad lifes. Exactly, but apparently many people not only admit this but gloat about it.",disapproval
I went to a different one just outside Beijing and they said they had to turn off their panels because old people were falling or having heart attacks :O,
Jokes on [NAME]. I only use Facebook to follow the defectives.,
Ya? I don't really remember him much besides his crappy penalty shot attempt. What stuck out about him to you?,curiosity
[NAME] way of doing things is straight trash for [NAME] lol. The latter end of the competition being bottom is a default sometimes.,amusement
I was just watching the episode last night. So adorable.,admiration
Sex is gross and gross things are immoral to conservatives unless they are doing them.,
Friend got me into football by watching Detroit play on Sundays after church. Been a fan since.,
Absolute slime ball. There’s zero justification for it. Gorgeous [NAME] wouldn’t have got a picture with someone so hate filled.,
I think we both know why :P as you can see people eat up whatever they hear,
Thanks for the recommendation! By this point I should just start a list. :D,gratitude
"I came across a really really really rare audio track of slipknot, limp bizkit , korn and Metallica....I didn't even know they collaborated",
"Philly and Shock seem to be reliant on having extremely good DPS, so they could be at a disadvantage in goats.",
Man that was a long of run on sentences but whatever.,
Your repeated need to retreat into victimhood is a snooze.,
"Most people don't know the first thing about [NAME], so unsurprising.",annoyance
hes got a clear weakness on his forehand side though. not sure if injury related or just ... ???,confusion
you have to admit- it's kind of exhilirating to know that we are part of the pinnacle of human evolution.,
[NAME] is ruining the Pittsburgh Steelers culture...don't fucking @ me. Sinking fucking ship,anger annoyance
Dang if that was actually what happened that does kind of suck. Thanks op!,gratitude
Same thing happened (to a slightly lesser degree) with [NAME] last year and it made for a lot of heartbreak that some never quite got over.,
"I’m all for this, but is anyone staying in these hotels? ",curiosity
Switch “imaginary” with “social construct” and see how they handle it,
Don't forget to snack constantly to keep your metabolism up! /s,
"GSC is my strain and I want to try some legal stuff but dear lord, $82.",
"That's that frequency dying in your ears. Enjoy it, because you will never hear that exact frequency again",joy
He's talking about the semifinal game between Bama and Clemson which Bama won 24-6,
“The failing of mistaking internet trend.” Clearly he is a grammatical genius.,admiration
"You don't know that, he might have been stocking up on ketchup packets",
My point is that you followed this subreddit to watch videos like this and then comment and say it shouldn't exist. Are you thick?,
You're telling me you dont get your meth from there?,
I agree. Your last sentence is definitely a better way to word it,approval
"I hear that if you say you aren't doing something, when you do it, you're not actually doing it.",
i am ive done him 3 times now and i have found multiple people who have the bug.,
Used to be just bad on the 2nd. Now they are folding on other rights as well.,
"Second quote is [NAME], I will Remember You. She's a great singer :)",admiration
"Ah well, that'll do it. Thanks for the clarification. Should have been obvious really...",gratitude
I isst thought y’all woooshed me but then I realized what subreddit I’m on,
And? That still doesn’t debate the fact that he’s all about the money?,curiosity
I’m actually suprised they all didn’t follow him and now they all have to repeat junior year.,surprise
"I used to work in Xtravision and I remember watching one called Cherrybomb - the fella from misfits is in it, as is [NAME]",
"Yes, let’s start locking up people without any evidence that they did anything illegal. Definitely not an extremist POV.",
if it's a ghost pepper milk just tickles it. but yeah milk is better then water either way.,
I read the Wikipedia and I’m even more confused now.,confusion
Desktop link: ^^/r/HelperBot_ ^^Downvote ^^to ^^remove. ^^Counter: ^^229126,
"Doesn’t exactly do much in a first past the post, two party system.",
I just get sad when I see people commenting on articles and videos about him that they think he's on drugs.,sadness
"I gotcha, I knew you guys have still played some bball games, but I just figured your rivals were mainly Fresno State and Nevada.",
"Other than Moose, the American Robin took me forever to find.",
I've seen people with their entire back windshield covered in snow.,
We just got paper straws and we have to ask everyone if they want one first. it's anoying.,annoyance
Don't you feel embarrassed at all that your country answers to a country literally opposite of the world from yours?,curiosity
I realised hatred does only more of self damage. Over time even the hatred fades.,
"I haven't seen him in a few days now, and his car hasn't been there so I've been going outside more.",
"It does mean they are parroting it when they say the **same exact thing, word for word**.",
Because [NAME] is a free agent after this season so he could just leave when this season is basically a lost cause for us,
Hey it's really green here right now thanks to the last few rainy months!,gratitude
"See her recent article in The Atlantic, in addition to what the other person who responded to you said.",
Yeah I wasn't sure if he was surprised or appalled the ever good and heroic [NAME] would go to that solution,confusion
(i'm tickled to see the tag Kalamity catching on around here),
Reminds me of [NAME] saying “Cow House” in Breaking Bad.,
There is a surprisingly large number of [NAME] who play.,surprise
Suctioning I'm almost certain. Now's the time for you to google.,
Condolences. Take comfort in your cats and breathe. Consider a grief counselor.,
Well someone posted the ingredients in the comments below. I’m still new to the whole vegan thing.,
"This makes two times in the last 4 years that the #1 high school football player has came out of New Jersey , the other being [NAME]",
[NAME] is so weak. What a ballerina he is around the basket.,
"Wonderful :D, she looks like [NAME] from Frozen, or [NAME] form Dota 2. Great job!",admiration
"I speak so slowly, and i sometimes take break between words and sentences",
"Eh, I'm not a fan of the grayscale. Looks too Kingsish. ",disapproval
"It was a few years ago now, I’m afraid I don’t have it or I would.",
I just see two inflated peacocks with a dumb and disgusting look in their face. But unfortunately I am not the gender evaluating them.,
"That’s the impression I was getting as well, or maybe something [NAME] would conjure up",
It's so if people search for feminism his post will show up and he gets the attention he craves,
I love the fact that [NAME] kept the nose thing for so long he had a mark for the rest of the episode,love
It was squirting all over my kitchen n the nurse. Who then said oh nicked an artery.,
Darth Plagueis Trilogy AND KOTOR Tv Show &#x200B; (The fallen jedi Animation) &#x200B; ♥\_♥ Let me DREAM ,
Twice in that article he implies these minority communities aren't ordinary [NAME]. It's disgusting.,
I would really love to hear you expound on your idea of “truth”.,love
"Sorry, didn't realise I had to mollycoddle your feefees. ",
It only got things right that were in the email leak,
DUP have just said they're voting for confidence in the government. Tory MPs won't put their selections in jeopardy. There won't be a GE.,
"It is designed that way, but curiously, some of the color options are not worn",curiosity
How dare they soil the good name of sauerkraut with this most rancid picture of it 🤢,
I just hope a GM believes in [NAME] as much as this Raptors fan. Maybe [NAME] could give us something valuable to get this future MVP back.,optimism
Holy cow. The elephant looks like it just nudged her......and she went flying into next year.,
It’s more like a large youtuber trying to sue a smaller youtuber because both of their names have a C in it.,
And this is where it all crumbles - [NAME] was so keen on bringing [NAME] in on this and riled her all up - ugh,
"Well that is perfect for going pew pew online, do you use the fixed lte or the rain sim only deal? ",
except the man with the drum APPROACHED THEM! seriously maybe if they hit him with a bike lock the way [NAME] did they wouldnt be covered,
Did you make him finish the meal before he got the toy?,curiosity
Thank you for being the voice of reason in here while people keep screaming about the Vatican's thousand-year old wall.,gratitude
"I can see the rippled sandy bottom, the shark is clearly visible, the surface is near. I feel ok 😁",approval
"yes, i can imagine they are busy,then add in personnel things such as emotion,wake,funeral etc",
TIL screwing people over is just fine as long as you hide the evidence for long enough.,
Bold of you to a̢̢̘̜̹͖͓̣̼̰͎̞͚̖͟͝͠s̷̻̮̝͍̕͘͝͝ş͏͕͈̻̺̬̻̱̫̙̠̜͚̗̯̤͔̙̫ų̖̰̭̺̳͕͔̥̳̟̻͖̗̪͙̕͜͝m̨̢̲͚̪͢͝ͅe̹̣̻͙̻͕̦̕͠,
"This is an excellently written response, thank you for offering her your support. ",admiration gratitude
Ok ill get right on that. I have all day to hunt. Thanks for the quick reply.,gratitude
"death of drone is hilarious, like a scene from theater.",amusement
I mean the ST coach market seems a little dry. Maybe this is best we could do this year.,
That means nothing beyond the fact that I couldn’t be asked arguing with you. It was a no contest essentially.,
"Not only was it PI, it was also a hit to the head. You’re 0/2.",
"Just a benign comment on an interpretation of ""Annihilation"" movie plot. Reaction just came out of nowhere",
I see this guy all the time. It has a great vanity plate to boot.,admiration
Thank you! I am surprised with the amount of feedback I am getting. I was not careful with my word choice.,gratitude surprise
That's how you can tell she lost consciousness: zero muscle tone.,
Golden road is the only place I can think of off the top of my head,
I wish I could upvote this a million times. What a wonderful tack to take.,admiration
"Yeah, it’s just a pointless invasive comment when it’s coming from a stranger. ",annoyance
I think she's funny lol. She'd have a better chance at a comedy career than modeling.,amusement
Thanks for sharing. I've actually been to the Allen.,gratitude
"My dad makes that joke ""I have to fight anorexia"", his BMI is 31...",amusement
So we are really going to miss the playoffs in the same season as the 10 game win streak... THEY ARE WHO WE THOUGHT THEY WERE !,
Some couples have a “cheat list” of celebrities that they’re entitled to do it with. What would yours be?,
"edit: black gays and trans in the ball scene started it, much like a lot of our gay slang ",approval
They are building a new Whole Foods on Smith and Elgin I believe,
"Aww I love it, she looks really cute with short hair!",love
Lol this happened literally 5-10 seconds after the screenshot was taken too,amusement
"Err, she's still a weird fake tan shade, just oranger.",
Wouldn't your definition of a person apply to all mammals?,
12. He gets beat up by a total LOSER by the name of [NAME].,
"My mother was missing a left leg and my wife was missing a right leg, now they will be able to walk normally",
What happened when [NAME] shutdown the government?,curiosity
"I got into one building, but I’m planning on going back soon. pictures ^",optimism
I would love a gatling gun arm like Barret from FF7 has.,love
“Go for the sodas and ice cream” would be sufficient. No need to rag on the food.,
"Yeah, it's disgusting & I'm so disturbed by everything going on. Never ever would I have believed this is where people were headed. ",
Wow amazing gift you have there being able to tell who someone voted for just because they were rude,admiration
"This, she's giving you one word replies because she wants you to go away.",
I think they're getting desperate from all of us cord cutters converting everyone to Hulu.,
It's Snake and Otacon bro-hugging it out after Otacon went through some spoiler stuff.,
Rewatching the game since I was in transit during the 4th quarter... You weren't kidding. [NAME] was a monster defensively.,
"Great. Now some girl in Utah will appropriate it for her prom this year because she ""appreciates"" the culture.",admiration
Oh they should also mount a shelfie stick on the pike wall to capture all the action!,
The kind you enjoy & can fully devote yourself to.,joy
When people ask what the show was like back in the day before it went national— that is the closest it’s been,
Why on earth couldn't she just bring a hat from home if it was such a big issue to her? Lol.,amusement
Full schedules have been The end for us before but This time I have hope,optimism
But if I’m not mistaken [NAME] said in his draft interviews that he can speak something like 5 different languages. So one of them could be Italian,
"Great, another article from a guy who thought making [NAME] the head coach was the answer.",admiration
And every message from her family is the first message. I mean come on!,
Is lab meat already available or are you guys referring to vegan burgers?,confusion
"At least I can rest easy, knowing [NAME] isn't real ",
"Go to McCalisters and get their sweet tea, THEN decide.",
Looks like they couldn’t figure out how to keep the handle on,
She looks pretty big to me. I doubt she’s within a healthy weight range.,admiration
"There is apparently an Imperial Remnant proper in the Neu-canon, centred around imperial core worlds. We don't hear very much from them.",
"""So, I was grading your work and someone spilled coffee on them. Sorry for the mess.""",
[NAME] hasn't proved he still has it. Remember Celtic legend [NAME]?,
Why don’t you just *get the fuck out* of Edmonton if you hate it so much?,anger
"Im also just a stranger, but if you need a friend online just shoot me a message!",
fake gamer girl didnt know [NAME] is already a rapper,
Interesting how researching a candidates stances and history instead of blindly voting translates to “ higher standard “.,
This type of view leads to people like [NAME] being seen as untouchable,
"The Palmer Report makes up crap and spreads conspiracy theories. We shouldn’t be promoting this guy, he’s just playing to our biases.",
Drive around Belle Meade Highlands; you might be able to get lucky on an older rental home.,
"be careful of the island guy, he is sweet but he can be a lion too""",
Thanks so much for the advice! Will definitely keep that in mind,gratitude
Yeah it’s the opponents club that should be scared of us! We are REAL MADRID!,
"They might say that capitalism has directly or indirectly caused just as many deaths (slavery, colonialism, etc). ",
that’s just because they haven’t started the knitting circle yet. that’s when it gets reeaaaal crazy!,
"If he was from a free pack he's not sellable, sorry",
But his parents love him and that's what’s important /s,
That sounds like a legitimate reason. However she still gave herself a reason to say [NAME] constantly...,approval
Damn. Moving like that in those heels is impressive.,admiration
So many snowballs [NAME] has to tell the fans to stop LMFAO classless losers,
"Thank you. It doesn't sound so bad, at least on paper.",gratitude
Gonna be sad when Gameday is inside a gym for shooty hoops. I already miss CFB :(,sadness
The problem I had was them painting the majority of men under this flag and then saying some are changing. Most men are not predators.,
"We idolized him despite mediocre play. Though, with [NAME] in the house he may have had less asses to run into and trip over. ",
I will be surprised if this actually has an impact. Just a few statements about the importance of the commitment to defeat ISIS and the withdrawal will continue.,surprise
the sky would officially be falling if they changed the pistons name,
Centrists compared to which left wing parties in other countries? Compared to the UK you guys are **far**-left.,
Of course. I'm curious as to why you'd think it was a bad sign?,curiosity
"Checking in from Nashville, a merged city-county that’s thriving precisely because it’s a merged city/county.",admiration
Watched Batman vs Superman and been awed by more [NAME] references then New Testament?,
Oh to be able to leave the house at night (I have a kid),
"Yeah he could have stopped talking, but they didn't have to but his tongue out. they are the ones at fault for actually cutting his tongue out",
"I agree with the last paragraph, it isn't there fault the other side didn't want to participate though. ",approval
YOU WOULD THINK MISSISSIPPI STATE HAD GROWN MEN ON THEIR TEAM WITH ALL OF THOSE DROPPED BALLS,
Did you know that [NAME] got shot in the head while shooting AND HE KEPT ACTING,admiration
Amazing. Professional athletes doing what they're paid to do.,admiration
"*dun dun* no but seriously, go full no contact with this predator. ",
Seeing people overtaking on the right makes me anxious.,
Tbh I believe that date way more than what they currently say lmao.,
"I'm excited, we're supposed to be getting ours this year. Finally. ",
look at [NAME] over here.. of course it alone won't fix our financial problems lol,amusement
-no scary creatures trying to kill you- Ha! You haven't heard of Rhode Islanders yet! /s,
"Maybe I'm out of the loop, can we get a little more detail please?",
LETS GO WE SACRAFICED ALL THOSE OPEN THREES FOR [NAME] [NAME] TO HIT THE CLUTCH THREE,
Check out the name of the guy above me I was just making an EFT joke,
How do you know all this? It’s interesting and true and I’m curious how you know?,curiosity
"1.) Its not real socialism 2.) All government is socialism pick one ""socialists"" fire departments arent socialist ",disapproval
You can be so much more specific when hitchhiking.,
When people who know nothing about MLK besides their middle school education talk about MLK,annoyance
dxm increases both cardio and body heat. so you should try to stay cool and dont exert yourself,
Such a disappointment. Mobile games are such a shallow replacement for a full sequel. What a let down.,
Yours is the only defensive comment I see. Grow up.,annoyance
"She doesn’t have to be added to the game for her to be significant, [NAME] was just an extreme example.",
haha someone's gotta rep for our struggling sports programs,amusement
And then they claim that being incels have nothing to do with their personalities.,
"You would though wouldn't you, its not as if he was worth keeping around, disposable DA,",
Especially funnier whens its commented on a song from like 2004.,amusement
[NAME] went from feeding [NAME] wings on Friday to feeding [NAME] wings today and nobody is in there to fix the stream,
I think it’s impressive. It’s actually fairly difficult to be that slick for that long.,admiration
"It's hard to try to evaluate yourself, but I appreciate you trying.",admiration
One year non guaranteed That's what they meant by death star.,
Really disappointed it's not even coming digitally on Vita outside of Japan.,
"Well I get annoyed when they dont, because I'm always the one to answer within 30 seconds.",annoyance
If DUP support were not an issue she would have likely gone for the Northern Ireland only backstop.,
"I love how he calls himself a ""decent man"" and the other guy a ""douche"" even though he's the one who wants to fight him",love
"Completely serious here, what do you base that claim off? Like, from experience and talking to people or from a larger scale example?",curiosity
Love anytime we can work [NAME] into a conversation.,love
In this day and age I’m actually surprised at how many hotels haven’t sorted plugs by the beds yet,surprise
MAGA morons don't travel outside their state so they don't care about this.,
"OP, don’t keep us in suspense. Which city were you referring to? :)",curiosity
> The ball was tipped. And I haven't heard anyone criticize the offensive line for letting that happen.,
I don't know why anyone would willingly live in an HOA.,confusion
"Thanks [NAME], I could unclench two minutes earlier.",gratitude
"> ships will accept it for transportation The requirement isn't for transportation, it is to use it as a transportation fuel. ",
In my opinion is that any different according to this from here.,
I love people like this that don't understand how taxes work...,love
Spurs gonna get two in a row over us. Embarrassing,
Sweet [NAME]. Yes. He. We are men. We are married. Stare if you want.,
I enjoyed the 1:50 seconds of this person going about their day uneventfully,joy
"[NAME] misses weight by 30 pounds for his fight against [NAME]. The fight still takes place, and [NAME] wins a unanimous decision ",
I borrowed an old wedding dress from a museum. It was a one size fits all kind of dress. Thank goodness!,gratitude
"I'm so disappointed you didn't include [NAME] ""I'm standing under the source of the bull shit"" [NAME]",
"Yeah, they have uniforms and everything. It’s really great.",admiration
Um. Not sure what your point is here. Especially with that last paragraph...,confusion
"[NAME], I had. It *was* a repressed memory, thanks.",gratitude
"I once hi-fived the GCS mascot and loved to tell the tale, [NAME]!",love
I love that this gets light. Keep talking. Especially AOC. Don't stop.,love
You cannot have your car running while you're pumping gas.,disapproval
"Yeah I cannot either on mobile, same with enough internet. Thoroughly disappointing.",
I assumed that came from him brandishing a firearm at the kids after they egged his car.,
It reminded him too much of being in bed with [NAME],
Yes!! THANK YOU. I’m happy the point of this story was not lost among all.,gratitude joy
they are always playing the victim no matter what happens. bash the fash.,
Literally arrived last week solo. You can use Hellotalk to meet people or go to social events on,
"I came to say this. Lebanon is on there twice, too.",
"Been there a few times but not recently. I'm a builder mostly, been behind the scenes and behind a fair amount of big brands since 2008-ish",approval
"Dude want's to help his mother... cool I do the same, my mom lives in my basement. But he is doing it with my money!",annoyance
"Thank you for doing these, i wanna learn our prospects more and this helps",gratitude
I am vuri disappointed in you. You gained turdy pounds tis munt. Scale dont lie,
I remember when I saw [NAME] cut off his leg with a Saw in a bathroom,
But did [NAME] watch sports bra test videos when he was picking out fernandas ^boobies,
"“I want to stay the night, but it’s late and my mom would worry since I didn’t tell her I was coming out”",
Apparently the bull shark is hyper aggressive due to the amount of testosterone it has. They're basically roid-heads in perpetual roid-rage with massive teeth.,
I'm surprised that the police have not send her to a mental institution,surprise
"It's not much what you say but how you say it and the tone you use, children absorb more the emotion rather than the logic behind it",
"I was just thinking to myself ""maybe I should get Tinder"". Thank you for reassuring me that, nah I'm good without it.",gratitude
This makes me feel better about some of my poor decisions.,
Aren't reaction gifs *supposed* to be textless? The concept originates from imageboards after all,
"That’s what I’m thinking too, so I may just go with the referral after all. Thanks again for the help!",gratitude
"By all means explain to me, after reading all of that above, how I don't know. Go on... I'll wait",
Thanks for sharing! I've got some smoothie recipes to start me out and the one I bought today at a local shop seemed to help a bit.,gratitude
Lol only a snowflake would call that a harassment campaign,amusement
But not to the folks screwing him at the gas department.,disapproval
"I love the guy who is like ""the analogy is daft. Cheese would sink"", like that isn't the point.",love
Put it in a box and wrap it like a present bring it on as carry on.,
So air doesn't move if your hand isn't faster then speed? I doubt that.,
Just show her highlight videos on YouTube from the past 2 seasons.,
"Can you snap a picture of that pinky in your butthole, friend? ",curiosity
I guess when it's a decision they agree with the other Tamaki stuff I've read so far (granted I don't read much anything else.,
I’m not really serious I just think it’s kind of funny,amusement
Keep dreaming. He isn't coming to this black hole of an organization.,disapproval
Can't believe [NAME] has been in the league that long...,surprise
"Lmao, The first thing i did after reading is trying to do it.",
"Imma let you finish, but Cutthroat Kitchen is one of the best cooking shows of all time.",admiration
"I actually got one of those, really fucking good tbh",admiration
[NAME] is getting the shit beat out of him and can't get a call,
"It's hilarious that he thought you were a woman when you literally have ""man"" in your username. ",amusement
My aunt can also be very intimidating when she needs to be. It's her super power.,admiration
Gotta wash your ass somehow. It makes it more funny that someone is as offended by it as you though.,amusement
"[NAME]?! [NAME]?! [NAME]?! What a minute, I have a call on the other line. [NAME]?!",
That’s not true. She represents those who voted her into power.,disapproval
Shot info -> Canon 5D Mark iii & Sigma 150-600mm C f/9 ▫️ 1/60 sec ▫️ ISO 400 **instagram**,
I think it opens at 9.5 to get these sucker early hype bets and then falls once the public money tapers off,
Why would you assume he wasn’t in on the decision?,
This converstaion reminds me of this old [NAME] cartoon. Apparently some people were upset by it.,
"Fair point, [NAME] actually does not know the definition of a good mother, to her affection and spoiling is being a mother.",
A friend calls this shadow work. I think you're right. It takes a lot of courage and persistence.,approval
You will find the words that work for your dynamic. The fact you are worried and thinking about it is 75% of the battle,
And religion isn't displayed on uber page. She saw a brown person and refused to interact with them solely based on race. She's a racist.,anger
I’m with you on that I suppose. Can only hope for the best.,optimism
Does anyone know how much that would be in (£) pounds.,curiosity
"U/scottgal - thank you! Coming from southern US, wanted to make sure!",gratitude
The contempt from [NAME] in these threads lately is seriously disappointing.,
"Change of top, pump, inner tubes, puncture repair kit & tyre levers, balaclava, lube. ",
I wish [NAME] would read our Subreddit and comment in here.,
"Seriously, old friends talking about massive life developments when they see each other again isn't bad this is silly.",
Thanks for your input into this discussion. It has been very productive.,gratitude
"From top left to bottom right, that is a zany work of video, my dear compatriote.",
"Thanks man, hope the holidays were good to you and yours. ",gratitude optimism
Following ya for updates. I hope they catch them soon!,optimism
by the time he hugs the last one another has been born,
"[NAME] first event was IW, not last year. So you're comparing his second year playing professionals on LAN vs Cells first time. ",
TL;DR No more Superbowls for [NAME]. Get ready for another winning season that ends in disappointment.,
Or just spend ten seconds around some fire and realize that it's super hot.,
"Happy to not only have the same birthday as him, but to also have a ball he threw into the stands after the middle of the 9th inning. ",joy
"But [NAME], if they invited you there'd be no storyline!!",
[NAME] I hope we don’t have to as long as the Cubbies did to win a WS,optimism
[NAME] fantasy world is way too fast for anyone in the original megaman but kill them all without using the force.,
"I'm most excited, honestly, for the new batches of eastern coral antivenom.",
Until they all do anyway and make reinstatement of licensure a condition of return.,
He most likely saw you and just didn’t care. Sadly.,sadness
Yeah that last one made me hate her the most for some reason.,anger
"May live in Florida, but [NAME], NJ born and raised!!",
I wholeheartedly agree with you. I suspect that children this age don't quite understand this,approval
"Oh wow thank you all for your opinions, I was just curious and wanted to stare at cool skins :3",gratitude
Oh jeez really? Now I just feel dumb. That must've been so much to clean up,
[NAME]? We have a friend in one of those condos on 19th.,
That’s awesome! VPD and the Mounties should do the same here.,admiration
mom can you give me money? to buy [NAME]? yeeees. actually buys relief pitcher like a boss ottavino time,
"If you kill a spider instead of putting it outside, you are a grade A bitchmade babyman.",
In our military at the time you could pay out at any point. They really only wanted people who wanted to be there.,
"Mississippi, where your sibling is your first lover.",
"Ok, so if I was to start what package/expansions do you suggest I buy ?",
"while her other suitor looks like a decent guy, looks good, trying to be a good bf.",admiration
"Why would removing a star make it rainy? Without solar radiation and heat, how would water evaporate to form rain clouds?",curiosity
"because your brain will associate the drip taste with the high after a few times, i love the drip",love
15 years is over 25% of the Superbowl era. That's far from nothing.,
"Red, Green, Blue. It's like a Christmas tree Edit: lol",amusement
We haven’t heard from you in a while. Hopefully you and your kids are doing well.,optimism
Wow! I've never heard of a celebrity doing something so nice,admiration surprise
"OK man I am relatively new so I know what worked for me and I based off of much of the advice I got, partially from this reddit lol",amusement
Haha I should probably clarify it was family owned and managed,amusement
[NAME] looked like was in a daze for the last 3 mins of the game,
"As I understand it, the director? left so at least if they do reboot it it’ll be in more competent hands lol",amusement
"They can’t ask for much, hes on his last year, it’s similar to us and [NAME]",
You may be onto something. Strange that I agree with this now.,approval
"SAY IT AGAIN FOR THE PEOPLE IN THE BACK. why do people constantly call things that aren't macaroni ""macaroni"".",
At that point you might as well pay a visit to his home instead of suing. His house is a google search away.,
"Can always join the discord and submit a vod, would still work!",
Only for those who have that mindset. The rest of us are living in a factual reality.,
"[NAME] Palestine like, IBERVILLE 1995! YOUD THINK THAT WAS AIRSTRIKES ON OUTSIDE",
[NAME] is such a disgusting champ to play against ....,
Hockey players are more brave than the US Marines. Have you seen how tough they are they are so tough,admiration
If you have any other links handy I'd love to see them.,love
I wanted a friend. I guess that's too much to ask.,
"Now, I'm trying to figure out who [NAME] could be in my memory banks. ",
And people have the audacity to ask me what’s special about this series.,
"I can see that. Ffs who the hell would expect a Dean to recognize 2 people out of 25,000 people lol.",amusement
You’re a moron. That is called extortion and it is a crime here in Canada. [NAME] would have been locked up within hours...,
That’s funny to me because all of the teachers of the month this year (with 1 exception) have been science.,amusement
These edits are retarded. Why do people get so giddy for internet points.,annoyance
Thanks! I'm now quite excited. Unless of course they all decide to skip straight from Chatswood to Gordon.,gratitude
Thank you for your valuable contribution to the discussion,gratitude
"You would forget the price of such things and not care, too.",
If your 60 and up you’re probably causing the racism,
depends on the artist that made it more than anything,
Thanks I don't know why it didn't load for me on my phone.,gratitude
How can he balance like that with those massive balls of steel he obviously has?,curiosity
Loved this video so much! [NAME] is my favorite and her pups crack me up!,love
"What if you're someone, like me, who believes that man made global warming is happening and think nuclear offers the best long term solution?",curiosity
I can hardly wait all the picture posts of this sign with the sunset flooding this subreddit just like all the craptastic skyline pictures already on here.,
I've been watching him rant about it on twitter the past few days. I'm curious what his opinion on the game is outside the minigames.,curiosity
"Oh, I wanna play through at the same time. Have a mini race to the finish vs [NAME]. ",
That what a highlight reel moment that will be played for years and years. That game is on my rotation of games. Great game all around.,admiration
"No, he isn't. The last 3 years he's averaged .261 .323 .473 .797 with a 102 OPS+ That's barely league average.",
"[NAME] and Resident Evil Biohazard, great afternoon.",admiration
I would focus on being an enlisted Marine first. That’s what you’ll be doing for the next 4 years.,
Interesting the dream ends there because [NAME] killed Imam [NAME]. [NAME] is not a companion of the Prophet.,
I think this guy or gal is the official 2018/2019 Winter Season Dibs Champion,
The hand break isn't going to make already locked tires lock any more. Just sayin'.,
"As a furloughed fed, this does indeed lift my spirits. Thanks for putting this on my radar.",gratitude
I was very tunnel visioned at first haha didn’t even notice the arm,amusement
I agree I think this version of pac has the biggest chance against floyd,approval
"There are a number of cases where throws are unbreakable, usually relative to grounded position or rage drives. Not including those cuz they are very specific.",
How’d you film this and what type of microscope/camera did you use? This is great!! Thank you for creating and sharing.,admiration curiosity gratitude
"Okaaaay? I'm not sure how to respond to that, no offense.",confusion
My psychiatrist said to lay it on thick and answer questions like your having the worst day ever. I’ll get around to applying eventually,
Thanks! I’m only traveling for a week So I will for sure have less than 30g.,gratitude
thank you! This is what I thought she said as well,gratitude
She births the antichrist and has to fend of the demons trying to abduct her baby,
"Oof. As a [NAME], and a member of /r/Ryan I'd like to say that this [NAME] is in no way representative of the Ryan population.",
"I mean, those are all true for people that aren't pregnant too aside from the swelling.",approval
He does hate [NAME] though. And [NAME] gets promoted.,
going to keep that in mind for the next time [NAME],
It was the other way around. The actors started dating after spending so much time filming together this season.,
i hope i can go my way to my fullest potential one day^^,optimism
I'd rather just let them fester over there and deal with them when they hatch from their spores,
"I equally love and despise them when they talk about a player diving as ""flopping""",love
Singapore doesn’t lock up all drug users. They brutally go after the dealers.,
"Ironically, a lot of these guys don’t have skulls that racist-ass phrenology would smile on. ",
"It reads like they -told- him the right address, not fixed it in the app.",
Cats can be right-pawed or left-pawed. --- LocationBot 4.31977192 | Report Issues,
Now you're appropriating the Bullingdon Club's culture.,
That lone pube you forgot to take off in the corner lol,amusement
"No, of course, no one has ever had his best axedwarve decapitated in the first goblin fight.",disapproval
"""[NAME] is gonna do something today. drop something that gives him bad press."" ",
"Not enough pizza rolls on that plate. How does someone not sit there and eat a whole bag at once, I will never understand",
*OR blasting it from a PA system installed on your car!,
"Interestingly enough I think it just needs to be the heavy creamer, my wife has some sensitivities to some dairy but not all forms of it. ",
Now her child will walk around smelling like onion,
Someone should take this wall of text down to the border. No funding necessary.,
"the upside is that they can hold quite a bit, so you can almost always just empty it in the comfort of your own bathroom",
See there you go. Using the excuse to excuse the excuse.,
"The fact that this podcast isn't called ""Z-Targeting Dio's Balls"" disappoints me greatly.",
"Before the camera was on him, he noticed the atrocious fake jersey on the nimrod beside him. ",
"Other nations still have gangs/organized crime, but yet guns aren’t as easily to obtain.",
Not quite sure what was really dickish about my comment aside from the seems fair part.,confusion
I would’ve gotten the “oooh lights!” look from the truck if I’d tried that,
Voting for representatives to govern on your behalf isn't direct democracy. That is when the people directly vote on issues themselves.,
That's an estimate that doesn't include the fees to his organizations. You just said literally what OP said divided by 5.,
There should be a single age for all things to be legal as an adult not a bunch of random numbers.,
That anamie pillow is a three-dimensional object...,
"Places such as? Is [NAME] proposing we simply upgrade already existing barriers or build new barriers. And if the latter, where specifically?",confusion
"Just wait until you're 36 and in a solid career so you can marry a used-up foid who only wants you for your betabux, bro.",optimism
Points. I envy your luck! My matches generally range from 10k-29k :/,
No. You know better. She has already demonstrated how little regard she has for your feelings.,
Excited for you guys to be there see you there [NAME]!,
"heh, I remember that commercial.. Was pretty cringy",
"I remember when wall Wal Mart tried to ""overtake"" the German market. Eat this Wal Mart.",
The inspiring post was secular wanting to involve frummies....on secular terms,
Oh my [NAME] I saw the rocks below the dog and feared the worst!,
That facial hair....guy just finished playing red dead redemption 2 probably,
Imagine the gifts this baby is going to get from all the housewives.,
Only after the initial vote is honored and brexit is implemented.,
"The double fist bump made me smile, her happiness was contagious",joy
One day please show this post to him it is so beautiful and kind.,admiration
Anyone else feel like [NAME] came dressed as [NAME]?,curiosity
[NAME] gonna get a looooot of assists tonight if everyone keeps shooting like this goddamn,
"I know, this weekend was absolute worse case scenario ",
Young Pink Floyd fans are the worst Source - Am a young Pink Floyd fan,
One thing I appreciate about the Prequel trilogy is that it explores the rise of fascism better than *Fantastic Beasts* movies could do.,admiration
"meanwhile on my LE smurf, i play with and against [NAME] on a solo que.",
I like Nurse. He shows grit. This is the stuff [NAME] should be doing.,love
"Say ""ship"", ok, ok, now say ""sheep"", kai ksana mia allh fora",
"Instead of Rivendell, home of the elves, we get suburban sprawl.",
"I clearly recall being told the same thing in ‘97, when I was driving a ‘74...except the years were different obv.",
"Some kind of situation(s) you experienced that made you realize that, or someone else's experience...",
I don't think [NAME] has landed any key punches as of yet,
you are so welcome. I’m glad I could bring sunshine to your day.,gratitude
I never thought to put protein into my oatmeal. I may try that tomorrow.,
I always thought he was a student that took school too seriously (when I was younger of course),
They’re both in Austin..I don’t see [NAME] being someone to hang out with [NAME] more than the other way around.,
A too little too late comeback in the 4th. Where have I seen this before,
I'm upset that there's no sexual subtext between [NAME] and [NAME] in the new Super Mario game,
2017's sky high fees proved that this tech fails on a large scale. It's a disappointing reality.,
"I was quoting him. He wanted an ""outsider rich business type"", piss off",anger
THANK YOU!!! I’ve been trying to figure out his name,gratitude
Honestly one of the strangest states politically in the US.,
"This is scripted, it's actually a remake/homage of an old [NAME] and [NAME] skit from a few decades ago. I love it!",love
Cali is getting rain this weekend so going to miss that,
"Okubo thanks JP/EU for their work over the weekend on the patch notes, and then EU doesn't post their patch notes :-/",gratitude
"I love how the lab is in the front like ""shotgun!"" .",love
She’s still living rent free inside your head if you’re looking her up Edit: thanks for the gold kind redditor tehehehehehehe 🤪🤩🤠,gratitude
"Ironically, I just sense that they are working in an area where this is a ready stream of revenue just waiting for them.",
You could get a new costume!: Cheesesaurus. It's still a dinosaur but now it's yellow.,
From one eating disorder to another. That's not recovery that's just sad.,sadness
"Suddenly, Dorion will fleece another GM of their 1st pick for [NAME] ? Not a chance.",
"Strangely enough, the student debt still counts. Yet another sign civilization is doomed. ",
Prime video has office and 4 has community. Shoot me now.,
"Haha, my mind started quoting ""the standard of truth has been erected...""",amusement
If you have a few well-timed dollops of luck along the way,
No if anything the exact opposite. Couldn’t be further from the truth,
"It doesn't though, and saying it's a reasonable solution to immigration is poppycock no matter how much you want it to be true.",
"the Bulls turn cap space into cash money. Doesn't help or hurt the team, but makes the owner happy",
I didn’t know there are different levels of “park”.,
"Wait until they find his bastard son, [NAME]. Birthed by his mistress, [NAME].",
A the_donald poster trying to pass as a human being has to be one of the saddest things I've ever seen.,sadness
"They play some of if not the best characters in the game ([NAME]), yet they think every other character means you're weak. So ironic.",
The artist's rendition of the Jerseys numbers is quite off. Especially [NAME].,
I enjoyed that [NAME] kept saying [NAME] last name wrong over and over.,joy
"Lol that's my cat, he sometimes does that when he eats too fast or we switch his food, he is okay haha",amusement
[NAME] is a lefty. It's the reason why we had [NAME] punch him out in the division series.,
Saints Chiefs matchup would make for a great Super Bowl,admiration
"Yes, because private matches are a thing. Surprised no one else has mentioned that one.",surprise
That’s his dead cap to the Steelers. We’d take on about 14 mil at that point.,
[NAME] - Holdin on. Check out his music because he is honestly amazing.,admiration
You're 105 years out of date. Please update your beliefs to the current version of the Constitution.,annoyance
If you don't enjoy watching sonicfox compete can you really be a fan of the competitive scene?,
I support the idea of punishing [NAME] without trying to injure [NAME].,approval
this is one of those mt lebo residents y'all were railing on the other day,
This can’t be a thing. Is this a thing? It needs to be a thing.,
Approaching doesn't work unless you are [NAME] or something. I've only seen 2 approaches in my life and both were rejections.,
A guava sounds awesome! Totally didn’t even think of that!,admiration
yo STOP going on your roof on dxm man you don't want to fall and hurt yourself,
He can hook him up with a pink blouse. Courtesy of big mamma.,
My IT professor would love this because he always said that he wanted a brick with good airflow for his case,
Thank you. For some reason I thought it had been released in all markets.,gratitude
"She is probably a lot regarding [NAME], but I think they should have, but it still does a solo lsfyl to neon lights and loses.",
"Man – I love how [NAME] really lights up when she asks about [NAME] .... ""that's my boy for real, for real"". Love that.",love
"Dude, you just have to read the response and you can tell by the wording its something not even a foreign girl would word that way.",
But the Hijab is mandated by (and therefore connected to) political Governments and political groups that otherwise do some pretty oppressive things.,
That's the funniest mental image I've had in a very long time!,amusement
Whales have excellent hearing. I couldn't imagine how it is hearing loud ass sonar.,admiration
I'm not giving more clicks for a video when the headline should be explained in the body of the Arte.,
It's okay; his father's a lawyer. They're going to own that batting cage in three months. DO YOU KNOW WHO HE IS?!,
"My gpu is fried so I'm not able to play most mmos, but I can play Project Gorgon and Wurm Unlimited on low graphics settings. ",
[NAME] is terrible with sports. They're still butt hurt because [NAME] gave them a tough time in the dungeon of doom.,
This is caused by a downed power line discharging to the ground around it.,
That’s actually a great idea. I didn’t even think of that.,admiration
"Surprised, Playtest isn't mentioned. The ending is just god damn!",surprise
[NAME] is the greatest player to ever pick up a basketball,admiration
"You can't stop [NAME], you can only hope to contain him",optimism
"The people I went to school with work the checkouts at my local one, no escape.",
"Nobody left Milky Way yet because of reapers. It’s not possible nobody got in for the same reason, or a similar more localized reason ",
"Look at you, this is excellent. 👏🏻 I really love this. ",admiration love
Screenshots and a photo of the food on their porch.,
"They did, donated a penny for someone else’s happiness/luck. ",
"Thank you man whoever you are, this has really helped me. Best of luck to you too",gratitude
not sure I agree. whispers of madness can set up [NAME] signature and being card draw is always useful in the first lane.,approval
Those hours are hours better spent railing against the bigger polluters. You shouldn't sit on the back of a whale and fish for minnows.,
That's what mine did with Mortal Kombat back in the day.,
How often are parents like that? I’m legit curious.,curiosity
He looks like something the [NAME] brothers would create.,
"Ah, see that makes ALOT more sense to me, and how I believed prayer works. Thanks for that",gratitude
"there are 6 characters total, we do not know the two in the middle which is what he was mentioning not the literal last two that we sceen",
There are tons of great places on the fringes where you’re guaranteed good loot and a vehicle.,admiration
"This is a huge stretch, but I would enjoy seeing some tweets from her hubby about it...",joy
"Aaaand I'm still here. I don't have a alt account but whoever you reported I""m sure is alive and well. You're terrible.",
Keep any hat you find.. Now for only 100 gold bars! -Rockstar,
"Was going to say, that’s common practice for most women’s health appointments to help deal with relationship abuse.",
"Tbh, I think that sub was created because they got bodied here in arguments. ",
I don’t know who the hell [NAME] is but I am now curious after seeing the word “again”.,curiosity
1. Use chicken thighs 2. Dryness doesn't matter with this much fat.,
I'm familiar with his generation. Weren't many folks that had it that good.,
The only reason people are there is because they dont know [NAME] is fired lmao.,amusement
"Just out of curiosity, what age group are you? Your boyfriend seems real decent nut the scenario sounds like teenagers I'm confused!",confusion curiosity
"Catching some old highlights, the Bernabeu used to so loud, it was a scene, now its so quiet",
It’s a vegan restaurant called Ipanema! I got a tofu Caesar wrap!!,
"Great concept but, there is going to be a Danganrompa 4",admiration
Resist it! You can be strong. Block him! Then do something nice for yourself,
Being interested in a developing game or mod has nothing to do with pre ordering or purchasing something in early access.,
He only gets time to post on reddit cos dudes have refractory periods. /s,
> Locking someone in a cage is 100% incompatible with a world where all violence not commited in self defense is immoral. Morals are subjective,
They call her she/her now but they've done a lot of weird things leading up to it,
"I see,if you'll just excuse me............ ( ͡° ͜ʖ ͡° )",
"Bridge trolls people, people trolls back the bridge, not sure what's happening now",confusion
"Thought so, that kind of overt bullying disappears when you leave school, although there is still homophobes but they're more discreet about it.",
[NAME] shoots 2-10 but shakes his legs around after dunking like hes doing something this game,
So thankful for the conclusion. Having no idea how this played out was definitely going to haunt me,gratitude
"You know, when I think of democracy, the first thing that comes to mind is best 2:3... Errr... 3:5.….. uhmm... I mean 5:7... /**S**",
"Fake news! but really, that's awesome to have a parent that actually understands how to teach their child accountability. ",admiration
How long a brain can keep its consciousn when blood pressure and flow is zero?,curiosity
Thanks for the insight. I guess I’m coming off a bit ignorant and maybe naive.,gratitude
Just let your kid know you are disappointed in them and be done with it. Everyone will be better for it.,
The character missions are still there but they just unlock an outfit now,
100%. She's made herself vulnerable to being sued by a few people.,approval
Thanks for the info and the welcome! Blue and Orange forever!,gratitude
as much as I could tolerate - sadly I gave you a view.,sadness
The deputy declined to identify himself or say what game he was playing. Definitely Fortnite.,
"Double sheilds is excellent 3800 and below. Prob is, teammates dont use them",admiration
Thanks. I appreciate your advice. It is what I was looking for. Thanks again.,admiration gratitude
i was agreeing with u/sixstringersoldier guess my analogy wasnt clear,approval
In my eyes 6 La Liga’s in a span of 18 years is just embarrassing,
"Nevertheless, it amuses me that they mis-spelled ""literally"", and *only* ""literally"".",amusement
It's a reference to an old tweet [NAME] sent about [NAME] when he was still in Congress ahah.,
Then why do you say it's racist when senior servers dont want to serve them?,
Coming back pretty strong with UFC Fortaleza at least. [NAME] vs. Moicano has me excited,
Just curious is this church a “ministry” with multiple branches worldwide with a “general overseer”? This sounds all too familiar.,curiosity
I think I’m in that Facebook group. This should be fun haha. They’ll prob eat you alive.,amusement
Human thought she was playing with the cat. The cat just wanted to get drunk.,
"If you main Volibear, then you must have Thunderlord Voli and play Thunderstruck by AC/DC every now and then at full volume.",
Thanks [NAME] for holding on to our $17.5M. We will be needing that back though.,gratitude
This is a great photoshop! On a related note... retire [NAME] Number and Maybe [NAME] number..... oh and also fire Garpax,admiration
Mi Patio Mexican restaurant on 7th ave and Osborne. Their chimi is amazing.,admiration
For a 30 yo WR I'd package [NAME] and a 2020 2nd rounder. But I'd rather get [NAME] and draft a guy in the 4th.,
"Now if you are in the bathroom taking care of business, Cat is being a bro and getting you some privacy. Bathroom Bouncer ",
they were very hot for me half way in the year now diamonds seem dead opened 200 packs last week got 1 diamond,
88 but top 2 in the division since it’ll be competitive,
Apparently the Dodgers are still in the running for Realmuto.,
>a water molecule spends around 600 years in Lake Superior. I guess it takes a while lol,amusement
In countries where people had to actually fight against dictatorships and fascism people didn't have uncontrolled access to guns. They barely had guns.,
Zombies are eh for solos otherwise they’re unplayable in duos/squads,
"Never seen stone abbreviated, so was a bit puzzled. ",confusion
"Assassins Creed Odyssey is awesome, as well as Shadow of War. Both great adventure games.",admiration
Your response is truly one of the most amazing ones I’ve seen.,admiration
Lol for some reason this made me snort hard. Thank you.,amusement gratitude
So she's basically repeating everything they paid CTR to say back during the primaries.,
"Exit scam. Check out their cold wallets, holy shit.",anger
^Damn Damn BOI *DAMN BOI HE THICC BOI* #THAT'S A THICC ASS BOI DAAAAMN*,
??? Where the hell is this article getting it's data from...,anger
"To be completely fair, before the break-up (in the books), [NAME] wanted to marry her. [NAME] told him to stfu. ",
Hope for the best but still work as hard as we can.,optimism
Loved this moment. Also loved [NAME] face and [NAME] and [NAME] wedding when they kissed; so touched!,love
"dude, you need a some sun on those damn things you call legs. ",
She’s gonna spend all her time whining about [NAME],
"Just do intermittent fasting, then you can pretend it's an interesting lifestyle choice and make that your new hip personality",
"hum yhea i kind of agree, but i still dont understand what it has to do with the amount of devs left working on the game.",approval
